lf,lfnu,lf_hf,total_power,hfnu,vlf,hf
36.754792334518655,26.027544431292355,0.35185454141261074,285.4729345912291,73.97245556870764,144.25795201173855,104.46019024497188
