lf,lfnu,lf_hf,total_power,hfnu,vlf,hf
119.80047449555688,6.818430249908363,0.0731735928917602,1823.6230122066013,93.18156975009163,66.61340582151053,1637.2091318895339
