lf,lfnu,lf_hf,total_power,hfnu,vlf,hf
30.065360403763012,27.122325876807672,0.37216234193972936,291.33465289116253,72.87767412319232,180.4836862730233,80.78560621437623
