lf,lfnu,lf_hf,total_power,hfnu,vlf,hf
1060.6294531769977,7.454058565539076,0.08054441340161722,14801.445334233595,92.54594143446091,572.559904215604,13168.255976840992
