lf,lfnu,lf_hf,total_power,hfnu,vlf,hf
65.84198803919206,47.835812893870724,0.9170240263985643,312.8061379885002,52.16418710612927,175.164517503718,71.79963244559013
