lf,lfnu,lf_hf,total_power,hfnu,vlf,hf
127.8932018827917,1.752389735652847,0.017836461680216232,7355.200606496774,98.24761026434714,56.98381825785443,7170.323586356128
