lf,lfnu,lf_hf,total_power,hfnu,vlf,hf
328.44535569569877,24.972799532533763,0.3328499447791954,1976.499990682574,75.02720046746624,661.2875922175532,986.767042769322
