lf,lfnu,lf_hf,total_power,hfnu,vlf,hf
417.51086349293195,56.7920139425237,1.3143869715884842,1130.3863522106553,43.20798605747629,395.2286521941118,317.64683652361146
