lf,lfnu,lf_hf,total_power,hfnu,vlf,hf
245.6714211526252,23.275562648050794,0.3033657000478411,1438.4004527941772,76.72443735194919,382.9096581465177,809.8193734950344
