lf,lfnu,lf_hf,total_power,hfnu,vlf,hf
35.83180995700792,32.12532582139832,0.4733035732424365,380.6161573625421,67.8746741786017,269.078580572766,75.70576683276819
