lf,lfnu,lf_hf,total_power,hfnu,vlf,hf
6477.345332006888,16.977097833527065,0.2044869233730896,40266.6336633625,83.02290216647293,2113.2025202894956,31676.08581106612
