lf,lfnu,lf_hf,total_power,hfnu,vlf,hf
2412.6859199217797,22.289901411567598,0.286834038515627,12103.40450959092,77.71009858843242,1279.2834182805336,8411.435171388608
