lf,lfnu,lf_hf,total_power,hfnu,vlf,hf
380.42491977568403,58.186044828103455,1.3915460661136085,1307.1209607742917,41.81395517189657,653.3131260957925,273.3829149028153
