lf,lfnu,lf_hf,total_power,hfnu,vlf,hf
501.64191555304615,6.706603595530565,0.07188722732801343,7787.733252908301,93.29339640446945,307.9126789392084,6978.178658416047
