lf,lfnu,lf_hf,total_power,hfnu,vlf,hf
158.36182835916713,35.85675513749524,0.5590106209057017,797.5049611653583,64.14324486250476,355.8536523619889,283.28948044420224
