lf,lfnu,lf_hf,total_power,hfnu,vlf,hf
278.83448719489104,46.2124374148279,0.8591658590524706,1193.6361537046764,53.78756258517209,590.2607361911585,324.54093031862686
