lf,lfnu,lf_hf,total_power,hfnu,vlf,hf
434.199634026705,12.717979085193317,0.1457113269364712,3470.2814784185903,87.2820209148067,56.21992730144565,2979.86191709044
