lf,lfnu,lf_hf,total_power,hfnu,vlf,hf
356.3493462013711,8.705665196066972,0.09535821926698487,4142.196750399036,91.29433480393301,48.89269866084364,3736.954705536821
