lf,lfnu,lf_hf,total_power,hfnu,vlf,hf
237.06189624027726,59.43126622681644,1.464952457207359,634.4458599334024,40.56873377318356,235.56171814927401,161.8222455438511
