lf,lfnu,lf_hf,total_power,hfnu,vlf,hf
44.40805034662269,25.483238881207804,0.3419799585838582,191.20965165046368,74.51676111879219,16.94589124844245,129.85571005539853
