lf,lfnu,lf_hf,total_power,hfnu,vlf,hf
430.5264326792372,22.590463420152453,0.2918304955468956,2220.7334362429046,77.40953657984755,314.9450304363461,1475.2619731273214
