lf,lfnu,lf_hf,total_power,hfnu,vlf,hf
34.148647043902905,15.137040052636456,0.17837039931231768,263.1230544180467,84.86295994736354,37.5264587483725,191.4479486257713
