lf,lfnu,lf_hf,total_power,hfnu,vlf,hf
1428.5873098780287,49.49691869901337,0.9800772036863107,3797.155374157868,50.50308130098662,910.9407421619882,1457.627322117851
