lf,lfnu,lf_hf,total_power,hfnu,vlf,hf
651.5839426200957,61.56552063848195,1.6018304829731476,1233.6034817536568,38.43447936151806,175.24494622489402,406.7745929086671
