lf,lfnu,lf_hf,total_power,hfnu,vlf,hf
164.9073354951097,53.384379992091546,1.1452036888715575,844.624392127743,46.61562000790846,535.7187992941476,143.99825733848573
