lf,lfnu,lf_hf,total_power,hfnu,vlf,hf
2883.75092569415,17.448462514662687,0.2113644766187651,17702.786211868333,82.5515374853373,1175.5367578215303,13643.498528352651
