lf,lfnu,lf_hf,total_power,hfnu,vlf,hf
3217.884549207364,13.912687055972384,0.1616113522444144,24107.716109026413,86.08731294402762,978.5783927719272,19911.25316704712
