lf,lfnu,lf_hf,total_power,hfnu,vlf,hf
258.37817983106333,29.89155548910506,0.42636169861763057,1097.903664188869,70.10844451089493,233.51847043326944,606.0070139245362
