lf,lfnu,lf_hf,total_power,hfnu,vlf,hf
430.54083056188176,43.6550000307486,0.7747803718976312,1306.4764530993175,56.34499996925138,320.2415882301655,555.6940343072702
