lf,lfnu,lf_hf,total_power,hfnu,vlf,hf
1136.8811718602453,36.834538978009874,0.5831436734893216,4810.2250281027655,63.16546102199012,1723.7708375427574,1949.5730186997625
