lf,lfnu,lf_hf,total_power,hfnu,vlf,hf
824.7437533804459,60.10410044302492,1.5065232545312244,2676.528239637738,39.895899556975074,1304.3360808643886,547.4484053929034
