lf,lfnu,lf_hf,total_power,hfnu,vlf,hf
1071.436505850501,36.11167665279499,0.5652312466637115,3771.8266651803447,63.888323347205,804.8181926795994,1895.5719666502443
