lf,lfnu,lf_hf,total_power,hfnu,vlf,hf
258.31956275029114,18.770480589868637,0.23107954751148613,1716.9633537680375,81.22951941013137,340.7622409967477,1117.8815500209987
