lf,lfnu,lf_hf,total_power,hfnu,vlf,hf
1152.6071416115406,34.044094478163736,0.516164461829618,4255.230653494414,65.95590552183626,869.6004604198536,2233.0230514630193
