lf,lfnu,lf_hf,total_power,hfnu,vlf,hf
21.903963901558672,58.58220459388958,1.4144211206675397,124.96800544175197,41.41779540611042,87.57787297165478,15.486168568538513
