lf,lfnu,lf_hf,total_power,hfnu,vlf,hf
1915.6283579548035,28.556328378840966,0.3997040987795988,6941.755971366444,71.44367162115903,233.51136603334743,4792.616247378293
