lf,lfnu,lf_hf,total_power,hfnu,vlf,hf
114.48326082474622,20.315372887669522,0.2549472040451564,600.4275216564187,79.68462711233049,36.897324806169415,449.04693602550304
