lf,lfnu,lf_hf,total_power,hfnu,vlf,hf
157.85573896356516,11.250595351778781,0.12676812195386683,1692.5136308115202,88.7494046482212,289.42575832300076,1245.2321335249542
