lf,lfnu,lf_hf,total_power,hfnu,vlf,hf
145.86464429787088,8.894788824795958,0.09763205320594041,1721.3073785484135,91.10521117520403,81.41859455339875,1494.0241396971437
