lf,lfnu,lf_hf,total_power,hfnu,vlf,hf
1503.4171925531673,24.06712893718284,0.3169527057296802,6611.981846478338,75.93287106281717,365.2159921996317,4743.348661725539
