lf,lfnu,lf_hf,total_power,hfnu,vlf,hf
69.12368864834662,7.563746966065882,0.08182662881509453,1036.8831184828773,92.43625303393411,123.00156006395794,844.7578697705727
