lf,lfnu,lf_hf,total_power,hfnu,vlf,hf
1499.3421156764698,29.885472600667573,0.4262379525209795,6512.968920701893,70.11452739933243,1496.0092235580107,3517.6175814674125
