lf,lfnu,lf_hf,total_power,hfnu,vlf,hf
2235.1167736535053,27.758894819564222,0.384253462765155,9617.216434888387,72.24110518043577,1565.3224809611766,5816.777180273705
