lf,lfnu,lf_hf,total_power,hfnu,vlf,hf
602.6228710062098,40.882241743060476,0.691539106834477,1996.6761848644446,59.117758256939524,522.6306205492208,871.422693309014
