lf,lfnu,lf_hf,total_power,hfnu,vlf,hf
419.3106555265975,37.528589606147875,0.6007322288635426,1292.0986325210104,62.47141039385213,174.78870980036888,697.999267194044
