lf,lfnu,lf_hf,total_power,hfnu,vlf,hf
742.7466171843585,27.480578605963053,0.3789409523367033,2863.746043150238,72.51942139403694,160.9404442055758,1960.0589817603038
