lf,lfnu,lf_hf,total_power,hfnu,vlf,hf
357.88850194805514,17.887723151993146,0.21784468582090405,2111.075952482584,82.11227684800684,110.3266178296866,1642.860832704842
