lf,lfnu,lf_hf,total_power,hfnu,vlf,hf
35.641701673607685,62.099581232754986,1.6384932740221814,129.66809774549202,37.900418767245,72.27366614696113,21.752729924923194
