lf,lfnu,lf_hf,total_power,hfnu,vlf,hf
107.96048323385588,10.24614984551107,0.11415833223727861,1152.1732018582518,89.75385015448894,98.5044105399758,945.7083080844202
