lf,lfnu,lf_hf,total_power,hfnu,vlf,hf
255.09566794477976,19.096670025113198,0.23604306560732408,1542.4494124264593,80.9033299748868,206.63710792879232,1080.7166365528872
