lf,lfnu,lf_hf,total_power,hfnu,vlf,hf
1.9147932109020123,32.17264214215914,0.47433134885763467,7.452390963228346,67.82735785784087,1.5007715642332586,4.036826188093076
