lf,lfnu,lf_hf,total_power,hfnu,vlf,hf
97.7261224504602,9.753971216403114,0.10808199926217692,1068.2451013401355,90.24602878359687,66.33397937459631,904.184999515079
