lf,lfnu,lf_hf,total_power,hfnu,vlf,hf
26.114878343282165,28.564372547285576,0.3998617155871314,126.17232079509739,71.43562745271443,34.74766828417144,65.3097741676438
