lf,lfnu,lf_hf,total_power,hfnu,vlf,hf
9.717409886244079,63.635711734409306,1.7499507007985036,34.58417427379561,36.36428826559073,19.313802305928313,5.552962081623225
