lf,lfnu,lf_hf,total_power,hfnu,vlf,hf
115.45630812847365,62.563581341523566,1.6711956854707792,324.6231355235557,37.43641865847642,140.080777728822,69.08604966625998
