lf,lfnu,lf_hf,total_power,hfnu,vlf,hf
80.46148030408834,69.3838919771681,2.2662544803351645,286.2060107068502,30.616108022831867,170.240362180582,35.5041682221798
