lf,lfnu,lf_hf,total_power,hfnu,vlf,hf
412.42850682913587,62.21044745749404,1.6462340322108677,1381.63687499248,37.789552542505966,718.6798899765274,250.5284781868168
