lf,lfnu,lf_hf,total_power,hfnu,vlf,hf
336.27904945483306,33.204651190804505,0.49711022972056595,1302.0489545034397,66.7953488091955,289.3021332148603,676.4677718337464
