lf,lfnu,lf_hf,total_power,hfnu,vlf,hf
453.9015810353724,6.253301763864341,0.06670423472529233,7467.637443157938,93.74669823613566,209.04673099509344,6804.689131127472
