lf,lfnu,lf_hf,total_power,hfnu,vlf,hf
604.293134148101,11.905500129943844,0.13514464748088767,5343.857134893788,88.09449987005617,268.1095598026158,4471.454440943071
