lf,lfnu,lf_hf,total_power,hfnu,vlf,hf
225.72953974556526,6.927284207203285,0.07442873185977686,3387.5156156173825,93.07271579279671,128.95810601149628,3032.827969860321
