lf,lfnu,lf_hf,total_power,hfnu,vlf,hf
31.799516118072116,5.634949218340045,0.05971436640645786,585.7083411468627,94.36505078165996,21.381762753318984,532.5270622754716
