lf,lfnu,lf_hf,total_power,hfnu,vlf,hf
35.859116038709075,12.88180152224372,0.14786579322496898,356.0772111780699,87.11819847775628,77.70686075162402,242.51123438773678
