lf,lfnu,lf_hf,total_power,hfnu,vlf,hf
15.382635023155597,41.69714334341331,0.7151818235771237,65.48930967064013,58.30285665658669,28.59796942590004,21.50870522158449
