lf,lfnu,lf_hf,total_power,hfnu,vlf,hf
1091.2956703319892,28.282415962419865,0.3943581806604058,4395.226970263475,71.71758403758015,536.6610267385531,2767.270273192933
