lf,lfnu,lf_hf,total_power,hfnu,vlf,hf
21.371914034126956,64.59724977415812,1.8246393108467047,104.11037126757459,35.402750225841864,71.02550448323557,11.712952750212065
