lf,lfnu,lf_hf,total_power,hfnu,vlf,hf
31.878683025689057,14.844440048313103,0.17432144250751347,220.32550830574564,85.1555599516869,5.573837498791281,182.87298778126532
