lf,lfnu,lf_hf,total_power,hfnu,vlf,hf
33.7831373333604,12.256530858420344,0.13968596156875965,292.9453175173526,87.74346914157967,17.311553578749262,241.85062660524292
