lf,lfnu,lf_hf,total_power,hfnu,vlf,hf
12.728318260634937,10.828763424080512,0.12143785193402597,124.19119006377458,89.1712365759195,6.649437952630649,104.813433850509
