lf,lfnu,lf_hf,total_power,hfnu,vlf,hf
829.3549333942085,60.897012472849795,1.557349356761231,2192.4213286325576,39.1029875271502,830.5237581007251,532.5426371376241
