lf,lfnu,lf_hf,total_power,hfnu,vlf,hf
1190.0188743746844,58.228535376937785,1.393978781983851,2910.0426079957233,41.771464623062215,866.3386634070573,853.6850702139816
