lf,lfnu,lf_hf,total_power,hfnu,vlf,hf
737.5396676403483,26.32945916334622,0.3573946772255315,3004.4109140281143,73.6705408366538,203.21525305877537,2063.655993328991
