lf,lfnu,lf_hf,total_power,hfnu,vlf,hf
950.9048566279706,42.599099389859035,0.7421329445540631,2385.69363488745,57.40090061014097,153.4754184283033,1281.3133598311763
