lf,lfnu,lf_hf,total_power,hfnu,vlf,hf
320.0409340394608,10.003364240901268,0.11115264650201015,3346.2581590882955,89.99663575909874,146.92515138981477,2879.29207365902
