lf,lfnu,lf_hf,total_power,hfnu,vlf,hf
329.8272360230289,29.103351661178646,0.41050391440355755,1268.4152262891012,70.89664833882135,135.11882846221462,803.4691618038576
