lf,lfnu,lf_hf,total_power,hfnu,vlf,hf
673.4642836763852,11.120470747035496,0.12511847036661236,6499.427293750483,88.8795292529645,443.3501815840056,5382.612828490092
