lf,lfnu,lf_hf,total_power,hfnu,vlf,hf
131.3196300020144,20.176711285315186,0.2527672263345791,885.7718422063305,79.82328871468481,234.92429750468153,519.5279146996345
