lf,lfnu,lf_hf,total_power,hfnu,vlf,hf
64.62421094021614,25.408198998656474,0.3406299171969158,308.8453182787229,74.59180100134354,54.501391959374864,189.7197153791319
