lf,lfnu,lf_hf,total_power,hfnu,vlf,hf
1189.8643589242158,74.12398434845468,2.8645826060175508,3227.31571390423,25.87601565154534,1622.0804187658869,415.3709362141277
