lf,lfnu,lf_hf,total_power,hfnu,vlf,hf
117.50847478503964,8.83203610953781,0.09687653132354096,1472.7731677295726,91.16796389046219,142.29315918272164,1212.9715337618113
