lf,lfnu,lf_hf,total_power,hfnu,vlf,hf
67.27723382974904,8.37664374358757,0.09142476422873141,919.0112897702928,91.62335625641244,115.85866815795984,735.875387782584
