lf,lfnu,lf_hf,total_power,hfnu,vlf,hf
351.10932431774586,37.20726400757286,0.5925408953682174,1400.138083783842,62.792735992427126,456.48008128657705,592.5486781795189
