lf,lfnu,lf_hf,total_power,hfnu,vlf,hf
16.075181153926625,30.28786737479011,0.43447053237670086,124.27640491161313,69.71213262520988,71.2017497864831,36.99947397120339
