lf,lfnu,lf_hf,total_power,hfnu,vlf,hf
12.642902105972759,25.503422612077394,0.34234354793609645,106.81731026565095,74.49657738792258,57.24395574661635,36.93045241306182
