lf,lfnu,lf_hf,total_power,hfnu,vlf,hf
27.00130344121685,23.213321500753977,0.3023092280385837,155.95613957478207,76.78667849924604,39.6380011285462,89.31683500501903
