lf,lfnu,lf_hf,total_power,hfnu,vlf,hf
69.45795834536827,23.95604649053584,0.3150289455630993,344.1908084517068,76.04395350946416,54.251655207833366,220.48119489850515
