lf,lfnu,lf_hf,total_power,hfnu,vlf,hf
175.58049402729725,32.7877608391315,0.48782426011214924,697.1753316286013,67.2122391608685,161.66912585639847,359.9257117449055
