lf,lfnu,lf_hf,total_power,hfnu,vlf,hf
108.70606760106114,62.19339079546076,1.6450401690081613,261.33761335723614,37.80660920453925,86.55044351378848,66.08110224238654
