lf,lfnu,lf_hf,total_power,hfnu,vlf,hf
10.632852700604678,51.52294041294162,1.0628313856456835,32.560555776945236,48.47705958705838,11.923432554967981,10.004270521372575
