lf,lfnu,lf_hf,total_power,hfnu,vlf,hf
48.25065904203243,69.44660663910048,2.2729588762462734,120.41521515970172,30.5533933608995,50.936429403068516,21.228126714600755
