lf,lfnu,lf_hf,total_power,hfnu,vlf,hf
65.20373306543621,31.160051311993186,0.45264489451053064,322.8192784010753,68.83994868800681,113.56502393089744,144.05052140474163
