lf,lfnu,lf_hf,total_power,hfnu,vlf,hf
333.53374430982905,30.740988590233577,0.44385543432545577,1418.8357551072545,69.25901140976643,333.85521412428545,751.44679667314
