lf,lfnu,lf_hf,total_power,hfnu,vlf,hf
12.15340860382098,36.95561496280764,0.5861840819131802,53.010985750626034,63.04438503719236,20.12448496839782,20.733092178407233
