lf,lfnu,lf_hf,total_power,hfnu,vlf,hf
117.42589156000608,27.218279642411293,0.37397136957856114,672.6413229936687,72.7817203575887,241.21842227133925,313.99700916232337
