lf,lfnu,lf_hf,total_power,hfnu,vlf,hf
6.007459487695262,31.32979272689178,0.4562355928574686,22.398083431106542,68.67020727310822,3.223173657321839,13.167450286089442
