lf,lfnu,lf_hf,total_power,hfnu,vlf,hf
836.7585222221396,40.46962466284971,0.6798147069231462,2540.273527532612,59.53037533715029,472.6523692116981,1230.8626360987746
