lf,lfnu,lf_hf,total_power,hfnu,vlf,hf
322.1305188259498,14.619156243520237,0.17122290668872375,2733.431115537522,85.38084375647976,529.9488251780476,1881.3517715335247
