lf,lfnu,lf_hf,total_power,hfnu,vlf,hf
3062.2302333680054,23.398546319029645,0.3054582543104193,14926.028308208544,76.60145368097035,1838.7612976184682,10025.03677722207
