lf,lfnu,lf_hf,total_power,hfnu,vlf,hf
7.437951786130975,20.276119591405095,0.2543293112112385,51.275802916123524,79.72388040859491,14.59249301256648,29.245358117426072
