lf,lfnu,lf_hf,total_power,hfnu,vlf,hf
235.8699257149127,40.92791305045761,0.6928469123736395,742.6602194685242,59.07208694954238,166.35444637884189,340.4358473747696
