lf,lfnu,lf_hf,total_power,hfnu,vlf,hf
28.517690090443324,63.69531292283849,1.754465278476613,99.10786356249025,36.304687077161525,54.33582495897463,16.254348513072305
