lf,lfnu,lf_hf,total_power,hfnu,vlf,hf
257.06271982933174,34.28494523391769,0.5217213217877933,1012.4775539779737,65.71505476608232,262.69446966660473,492.7203644820372
