lf,lfnu,lf_hf,total_power,hfnu,vlf,hf
260.3097714146089,29.8531005708904,0.42557975924595104,1060.932016886551,70.1468994291096,188.9630540765856,611.6591913953565
