lf,lfnu,lf_hf,total_power,hfnu,vlf,hf
277.3835363485546,40.316855818738986,0.6755149443248912,823.5142615265306,59.683144181261014,135.50541084718594,410.6253143307901
