lf,lfnu,lf_hf,total_power,hfnu,vlf,hf
543.2668909551992,7.0333156967735775,0.07565415233949013,8340.620110415188,92.96668430322642,616.4269364273584,7180.92628303263
