lf,lfnu,lf_hf,total_power,hfnu,vlf,hf
393.1193562799069,51.174253483220554,1.0480997656765783,1177.0520081229042,48.82574651677945,408.85446830181775,375.0781835411796
