lf,lfnu,lf_hf,total_power,hfnu,vlf,hf
198.2229755044103,70.09294967360971,2.3436931729692856,679.880483538195,29.907050326390266,397.0803211432001,84.57718689058453
