lf,lfnu,lf_hf,total_power,hfnu,vlf,hf
9.91691000042985,39.92616630631276,0.6646182514319596,164.58742466001553,60.07383369368725,139.74930240117527,14.921212258410412
