lf,lfnu,lf_hf,total_power,hfnu,vlf,hf
914.276760727682,38.57855561864051,0.6280958711929694,3209.1453469954263,61.42144438135949,839.2360902426437,1455.6324960251004
