lf,lfnu,lf_hf,total_power,hfnu,vlf,hf
219.18065858377744,49.52619884897548,0.9812258581592916,942.247052015462,50.473801151024524,499.6920736854191,223.37431974626557
