lf,lfnu,lf_hf,total_power,hfnu,vlf,hf
413.58714023235837,34.13994038777305,0.51837093055766,1653.0057144609837,65.86005961222696,441.55913448839135,797.8594397402339
