lf,lfnu,lf_hf,total_power,hfnu,vlf,hf
539.3379132147313,10.998368257428087,0.12357490578644376,5167.493272197389,89.00163174257192,263.69390313668464,4364.461455845973
