lf,lfnu,lf_hf,total_power,hfnu,vlf,hf
272.2294640675555,23.00065616843046,0.2987123658968148,2478.282884702723,76.99934383156956,1294.7102854079085,911.3431352272594
