lf,lfnu,lf_hf,total_power,hfnu,vlf,hf
264.7717104186883,18.220736965271566,0.22280387825864773,1577.4494414128635,81.77926303472844,124.31551536289652,1188.3622156312788
