lf,lfnu,lf_hf,total_power,hfnu,vlf,hf
40.31569685492673,11.245587335784986,0.12670454344991802,362.08745085495667,88.75441266421501,3.5850832050544783,318.18667079497544
