lf,lfnu,lf_hf,total_power,hfnu,vlf,hf
160.0671668392478,10.332145315290816,0.11522685974389359,1700.5134285221584,89.66785468470918,151.29821759824569,1389.148044084665
