lf,lfnu,lf_hf,total_power,hfnu,vlf,hf
41.91665279476032,55.55829556085561,1.2501387213205004,136.09389176277128,44.44170443914442,60.647637748648314,33.529601219362654
