lf,lfnu,lf_hf,total_power,hfnu,vlf,hf
140.63492421488473,11.966925350963065,0.1359366965049423,1251.2347344971997,88.03307464903693,76.03793088743353,1034.5618793948815
