lf,lfnu,lf_hf,total_power,hfnu,vlf,hf
2068.4309528273097,27.081424091990066,0.37139266304589524,8418.00517271943,72.91857590800991,780.1832258333566,5569.390994058763
