lf,lfnu,lf_hf,total_power,hfnu,vlf,hf
1695.8907472188662,27.161026355556046,0.37289139311791836,6742.574514478137,72.83897364444397,498.7355482383515,4547.948219020919
