lf,lfnu,lf_hf,total_power,hfnu,vlf,hf
188.373909318906,20.26011000595619,0.2540774762477039,1014.1080841271812,79.73988999404382,84.33075683958653,741.4034179686887
