lf,lfnu,lf_hf,total_power,hfnu,vlf,hf
105.73558265440833,13.937975302631008,0.16195267717257306,787.8931243838334,86.062024697369,29.2780432217288,652.8794985076963
