lf,lfnu,lf_hf,total_power,hfnu,vlf,hf
63.11629944801085,11.957154734437287,0.13581063513305422,579.6722207582607,88.0428452655627,51.818388891116705,464.7375324191331
