lf,lfnu,lf_hf,total_power,hfnu,vlf,hf
152.5158536490203,8.49374514005789,0.09282147054382531,1964.3681103258004,91.50625485994213,168.742610218308,1643.1096464584723
