lf,lfnu,lf_hf,total_power,hfnu,vlf,hf
702.811085058058,63.44819997844235,1.735843376824714,4350.844493654408,36.55180002155768,3243.1517848039593,404.88162379239134
