lf,lfnu,lf_hf,total_power,hfnu,vlf,hf
310.2152664562303,29.20219868432941,0.41247324269469515,1435.6794248455485,70.79780131567061,373.3783638548938,752.0857945344245
