lf,lfnu,lf_hf,total_power,hfnu,vlf,hf
220.0236858306789,67.98338141950696,2.1233779341372303,566.3299926303929,32.01661858049303,242.6866532781289,103.61965352158508
