lf,lfnu,lf_hf,total_power,hfnu,vlf,hf
27.140302564905042,70.49460031546876,2.3892101469286984,151.04750013969803,29.505399684531202,112.54766831789877,11.359529256894202
