lf,lfnu,lf_hf,total_power,hfnu,vlf,hf
1385.0516260717307,26.32786234008604,0.35736525607036107,5949.72036790375,73.67213765991394,688.9376724439248,3875.731069388094
