lf,lfnu,lf_hf,total_power,hfnu,vlf,hf
281.36194940022165,9.822715778283998,0.10892671988361505,3108.778183740195,90.17728422171601,244.37738307511825,2583.038851264855
