lf,lfnu,lf_hf,total_power,hfnu,vlf,hf
710.4445975757537,49.51369724865099,0.9807352598686381,3422.0081943115965,50.486302751349,1987.1636218935878,724.3999748422549
