lf,lfnu,lf_hf,total_power,hfnu,vlf,hf
77.88061703734061,45.500604171188016,0.8348827262986537,313.3393868728507,54.49939582881197,142.1754683799698,93.28330145554025
