lf,lfnu,lf_hf,total_power,hfnu,vlf,hf
355.69135422836956,33.471948910600865,0.5031253488189799,1296.081963011246,66.52805108939916,233.42691660694473,706.9636921759318
