lf,lfnu,lf_hf,total_power,hfnu,vlf,hf
114.04773586772897,83.47348529628195,5.050882584305726,263.57914834634875,16.52651470371804,126.95164865237244,22.579763826247312
