lf,lfnu,lf_hf,total_power,hfnu,vlf,hf
560.2602508211071,24.030263264514534,0.3163136308894171,2533.2250960600422,75.96973673548545,201.74730634958655,1771.2175388893484
