lf,lfnu,lf_hf,total_power,hfnu,vlf,hf
44.0343151221621,8.64637632347678,0.0946473273363845,637.9181115550597,91.35362367652323,128.6375357998798,465.2462606330178
