lf,lfnu,lf_hf,total_power,hfnu,vlf,hf
126.44163483208709,5.444850118407999,0.057583855826217695,2498.8397258153996,94.555149881592,176.61538387048444,2195.782707112828
