lf,lfnu,lf_hf,total_power,hfnu,vlf,hf
547.9145250695153,12.537190684113583,0.14334310528299457,4719.563102356811,87.46280931588642,349.24969742629924,3822.398879860996
