lf,lfnu,lf_hf,total_power,hfnu,vlf,hf
5694.21101961333,30.76138165316183,0.4442806975013327,20095.906156445788,69.23861834683815,1584.998279107168,12816.696857725288
