lf,lfnu,lf_hf,total_power,hfnu,vlf,hf
435.00201571543874,51.02142410385354,1.0417090160407834,1061.3333788447076,48.978575896146445,208.74640512559506,417.5849580036737
