lf,lfnu,lf_hf,total_power,hfnu,vlf,hf
88.82602308630415,60.708228693844525,1.5450621510752274,286.53410642030997,39.2917713061555,140.2178244311591,57.490258902846755
