lf,lfnu,lf_hf,total_power,hfnu,vlf,hf
56.382073822807115,11.373175148626617,0.1283265553933514,694.577629420477,88.62682485137337,198.83151555168985,439.36404004598
