lf,lfnu,lf_hf,total_power,hfnu,vlf,hf
360.19622134371514,12.61979117605593,0.14442390726580448,2959.0229983328104,87.38020882394407,104.80602818887587,2494.0207488002193
