lf,lfnu,lf_hf,total_power,hfnu,vlf,hf
603.4657069029594,50.401394069313355,1.016185699649474,1385.865829665527,49.59860593068663,188.54635458700622,593.8537681755613
