lf,lfnu,lf_hf,total_power,hfnu,vlf,hf
219.45887124320868,19.493261021436364,0.24213204097891472,1160.565942904177,80.50673897856365,34.746763640769174,906.3603080201993
