lf,lfnu,lf_hf,total_power,hfnu,vlf,hf
79.61523423392339,76.87327629183827,3.3240020186996335,175.22185670789696,23.126723708161734,71.65500217228998,23.951620301683594
