lf,lfnu,lf_hf,total_power,hfnu,vlf,hf
116.35865710688645,77.35716921721001,3.4164089269265054,241.96955363585062,22.642830782789996,91.55213494752613,34.05876158143805
