lf,lfnu,lf_hf,total_power,hfnu,vlf,hf
197.97185309055067,30.107097206916272,0.43076043494784605,852.3124113848464,69.89290279308373,194.75365794556723,459.5869003487285
