lf,lfnu,lf_hf,total_power,hfnu,vlf,hf
3.564194708699794,30.613416387045177,0.44120080270574813,14.172675105174216,69.38658361295484,2.5300846028999553,8.078395793574467
