lf,lfnu,lf_hf,total_power,hfnu,vlf,hf
694.66942195385,43.10156119979848,0.7575174663605325,1814.02753330951,56.89843880020153,202.323913726705,917.0341976289552
