lf,lfnu,lf_hf,total_power,hfnu,vlf,hf
281.71498847651634,50.581986869328134,1.0235536328742814,950.2739607329711,49.418013130671866,393.3267035912346,275.23226866522015
