lf,lfnu,lf_hf,total_power,hfnu,vlf,hf
119.14644687658154,55.640239438154325,1.2542953057778923,502.1073792602988,44.35976056184569,287.97018632277354,94.99074606094374
