lf,lfnu,lf_hf,total_power,hfnu,vlf,hf
130.16223493375793,14.465830715197853,0.16912341390761795,976.4744589322718,85.53416928480215,76.68351366005163,769.6287103384622
