lf,lfnu,lf_hf,total_power,hfnu,vlf,hf
226.81671060400004,18.502950500783026,0.22703828683958432,1453.1631520434864,81.49704949921698,227.322383597387,999.0240578420994
