lf,lfnu,lf_hf,total_power,hfnu,vlf,hf
330.8753019718574,19.987059128672943,0.24979783158845723,1991.5978491060484,80.01294087132706,336.1501924911147,1324.5723546430763
