lf,lfnu,lf_hf,total_power,hfnu,vlf,hf
1244.5402557733314,13.247133334370384,0.1526996610432325,9437.915118084851,86.7528666656296,43.12588814401387,8150.248974167505
