lf,lfnu,lf_hf,total_power,hfnu,vlf,hf
22.530172101657445,70.74485871058508,2.4182025993558263,133.0216894167848,29.255141289414905,101.17460891892466,9.316908396202681
