lf,lfnu,lf_hf,total_power,hfnu,vlf,hf
1123.166847123896,28.889668579803278,0.4062654188614573,4145.373260847691,71.11033142019674,257.59294927603,2764.6134644477656
