lf,lfnu,lf_hf,total_power,hfnu,vlf,hf
152.28935024132525,70.22490171216405,2.358511163701281,551.3299152335758,29.775098287835977,334.4704444072231,64.5701205850275
