lf,lfnu,lf_hf,total_power,hfnu,vlf,hf
27.333142344595938,40.799303938939644,0.6891693282940239,183.6439741821779,59.20069606106038,116.64983529808617,39.66099653949582
