lf,lfnu,lf_hf,total_power,hfnu,vlf,hf
50.17897403817976,8.5956050397106,0.09403929694458302,594.8868399757265,91.40439496028938,11.11206430421432,533.5958016333324
