lf,lfnu,lf_hf,total_power,hfnu,vlf,hf
95.4537153649765,9.854263092089417,0.10931479879249477,974.7963704175833,90.14573690791059,6.142352629051711,873.2003024235551
