lf,lfnu,lf_hf,total_power,hfnu,vlf,hf
54.34190183454565,14.659472167667259,0.17177620692091924,405.5130351353976,85.34052783233275,34.81822966756198,316.35290363329
