lf,lfnu,lf_hf,total_power,hfnu,vlf,hf
627.3851485924888,8.644085225921856,0.09461987488493279,7450.377399907059,91.35591477407814,192.40698204157852,6630.585269272991
