lf,lfnu,lf_hf,total_power,hfnu,vlf,hf
621.2184424080194,31.68370266832238,0.4637795651379798,2351.312455509086,68.31629733167762,390.62481457525416,1339.469198525812
