lf,lfnu,lf_hf,total_power,hfnu,vlf,hf
132.53068600685683,13.032290876188457,0.14985206587004657,1130.6084998203482,86.96770912381156,113.66767747417035,884.4101363393212
