lf,lfnu,lf_hf,total_power,hfnu,vlf,hf
480.84843185136464,8.852152891998944,0.09711861742066195,5714.940323903713,91.14784710800106,282.94612183811694,4951.145770214232
