lf,lfnu,lf_hf,total_power,hfnu,vlf,hf
11.157658551062974,13.31508562914773,0.1536032621798945,117.40778187215113,86.68491437085228,33.61065985711868,72.63946346396949
