lf,lfnu,lf_hf,total_power,hfnu,vlf,hf
9.146726146515975,14.299130476740144,0.1668493045202914,72.79037350619005,85.70086952325985,8.823364033868568,54.820283325805505
