lf,lfnu,lf_hf,total_power,hfnu,vlf,hf
7.051187152273692,6.759467959637715,0.07249495269623357,124.34660900495055,93.2405320403623,20.030896668152785,97.26452518452408
