lf,lfnu,lf_hf,total_power,hfnu,vlf,hf
243.52442569780334,35.28841509677002,0.5453183560492374,941.5060402120998,64.71158490322998,251.40866681067052,446.5729477036259
