lf,lfnu,lf_hf,total_power,hfnu,vlf,hf
134.2406102614059,19.50403504687806,0.24229829480566553,753.3772951290607,80.49596495312194,65.10632997360536,554.0303548940494
