lf,lfnu,lf_hf,total_power,hfnu,vlf,hf
340.2056945759879,53.301271946925766,1.1413859470936256,839.0964305657888,46.698728053074205,200.82705696670388,298.0636790230969
