lf,lfnu,lf_hf,total_power,hfnu,vlf,hf
87.03508493304649,28.956701002717818,0.4075922910593661,591.1430342392559,71.04329899728219,290.57328036820013,213.53466893800933
