lf,lfnu,lf_hf,total_power,hfnu,vlf,hf
274.6393327269682,3.737825638852424,0.03882964065230018,7384.659486830993,96.26217436114757,37.09009054189475,7072.93006356213
