lf,lfnu,lf_hf,total_power,hfnu,vlf,hf
121.67259428162834,32.552847803065525,0.48264228722387886,432.19336995216486,67.4471521969345,58.42393811102701,252.09683755950954
