lf,lfnu,lf_hf,total_power,hfnu,vlf,hf
312.70755528424263,26.736781819523912,0.3649414055721756,1347.3754850005491,73.2632181804761,177.7973458099333,856.8705839063732
