lf,lfnu,lf_hf,total_power,hfnu,vlf,hf
28.89653684320131,12.156142673995946,0.13838352554217145,298.4539582609473,87.84385732600406,60.742559027242095,208.81486239050386
