lf,lfnu,lf_hf,total_power,hfnu,vlf,hf
293.736050360323,15.109485575075714,0.17798791393163585,2076.401163329842,84.89051442492429,132.35052771545867,1650.3145852540604
