lf,lfnu,lf_hf,total_power,hfnu,vlf,hf
567.1856136569987,26.144629935705037,0.3539976837560325,2364.666325738559,73.85537006429497,195.25098097436302,1602.2297311071975
