lf,lfnu,lf_hf,total_power,hfnu,vlf,hf
411.3435494932348,83.96227236450264,5.235297310989576,833.8820524119078,16.037727635497376,343.9673110534526,78.57119186522047
