lf,lfnu,lf_hf,total_power,hfnu,vlf,hf
11.699181016488309,20.44268983870974,0.25695551794379823,80.16654389425872,79.55731016129025,22.937377337443635,45.52998554032677
