lf,lfnu,lf_hf,total_power,hfnu,vlf,hf
8.133762798299575,28.03535601138506,0.3895712457887009,43.33897259849704,71.96464398861492,14.326454280568484,20.878755519628974
