lf,lfnu,lf_hf,total_power,hfnu,vlf,hf
65.19079284110857,8.10317139630916,0.08817683394989011,824.8916323150861,91.89682860369085,20.382019315887508,739.31882015809
