lf,lfnu,lf_hf,total_power,hfnu,vlf,hf
15.123873299992615,14.519347412472774,0.1698553646113757,121.32167962752271,85.48065258752722,17.15809106981297,89.03971525771712
