lf,lfnu,lf_hf,total_power,hfnu,vlf,hf
88.77985380411197,8.773219172088579,0.09616933856997788,1017.927806611016,91.22678082791141,5.98621410459326,923.1617387023107
