lf,lfnu,lf_hf,total_power,hfnu,vlf,hf
36.86802971639128,6.1760039782168406,0.06582542036243004,608.1276622124716,93.82399602178317,11.171607028129598,560.0880254679507
