lf,lfnu,lf_hf,total_power,hfnu,vlf,hf
2597.049203115209,31.698331226764694,0.4640930711664545,9094.383657921695,68.3016687732353,901.3681185977409,5595.966336208746
