lf,lfnu,lf_hf,total_power,hfnu,vlf,hf
25.748121214092237,6.067776533546527,0.06459739064639032,440.4860429189751,93.93222346645346,16.144093743024925,398.5938279618579
