lf,lfnu,lf_hf,total_power,hfnu,vlf,hf
1113.7429183140844,33.58646820889732,0.5057172432048984,3713.7333735831985,66.41353179110267,397.686829519822,2202.303625749292
