lf,lfnu,lf_hf,total_power,hfnu,vlf,hf
851.7468927063306,27.107296780155192,0.37187942801900803,4388.902016579037,72.89270321984482,1246.7705837986184,2290.384540074088
