lf,lfnu,lf_hf,total_power,hfnu,vlf,hf
76.08943106854967,6.940853424253057,0.07458539734837821,1114.0515257217965,93.05914657574695,17.79683746293757,1020.1652571903093
