lf,lfnu,lf_hf,total_power,hfnu,vlf,hf
35.80248479707147,11.376299756727988,0.1283663368320218,380.71752970640085,88.62370024327201,66.00637087026223,278.90867403906714
