lf,lfnu,lf_hf,total_power,hfnu,vlf,hf
196.03225497117424,8.477473948859853,0.09262718496343604,2355.0101974238423,91.52252605114015,42.62025492760026,2116.357687525068
