lf,lfnu,lf_hf,total_power,hfnu,vlf,hf
130.59637874970628,56.52450327387687,1.30014623248486,272.05064182413685,43.47549672612314,41.006809175257736,100.44745389917287
