lf,lfnu,lf_hf,total_power,hfnu,vlf,hf
338.40562856254616,8.91668143933577,0.09789587797459304,3964.420563204799,91.08331856066421,169.22353990781102,3456.7913947344414
