lf,lfnu,lf_hf,total_power,hfnu,vlf,hf
75.40832276608018,30.560193164925032,0.44009617189039585,378.7121499766869,69.43980683507496,131.9587267927364,171.34510041787027
