lf,lfnu,lf_hf,total_power,hfnu,vlf,hf
1858.4381325251475,28.494892049585204,0.39850148984244566,7052.034530690603,71.5051079504148,530.0300630435653,4663.56633512189
