lf,lfnu,lf_hf,total_power,hfnu,vlf,hf
2145.468444398784,32.334724283477996,0.47786289113697866,7045.79182739527,67.665275716522,410.6078512169136,4489.715531779572
