lf,lfnu,lf_hf,total_power,hfnu,vlf,hf
120.93203688348345,13.274529674200645,0.15306379572612933,995.0465237145805,86.72547032579936,84.03845147743255,790.0760353536646
