lf,lfnu,lf_hf,total_power,hfnu,vlf,hf
55.445016780920504,14.248997101544703,0.16616711898306416,544.9531013385342,85.7510028984553,155.83787880185596,333.67020575575776
