lf,lfnu,lf_hf,total_power,hfnu,vlf,hf
145.22085517224383,25.011780550375246,0.33354279824149635,805.1395318038456,74.98821944962476,224.5297072463327,435.3889693852691
