lf,lfnu,lf_hf,total_power,hfnu,vlf,hf
109.58228241044233,6.009631849448323,0.06393880530207338,1910.3183696933713,93.99036815055169,86.87418616153211,1713.8619011213968
