lf,lfnu,lf_hf,total_power,hfnu,vlf,hf
568.4990706832324,19.554865950582435,0.2430832663983113,3074.6120133893023,80.44513404941756,167.41197366568608,2338.700969040384
