lf,lfnu,lf_hf,total_power,hfnu,vlf,hf
1326.566682948861,23.715232617888717,0.31087769461364206,7845.196523316694,76.28476738211128,2251.463987257933,4267.1658531099
