lf,lfnu,lf_hf,total_power,hfnu,vlf,hf
69.87125479733871,9.532519270273736,0.10536956698012141,842.565624376972,90.46748072972626,109.58777438483355,663.1065951947998
