lf,lfnu,lf_hf,total_power,hfnu,vlf,hf
46.822257849493894,71.73525201690578,2.5379759996378626,152.37641511613768,28.264747983094207,87.10549665827914,18.448660608364637
