lf,lfnu,lf_hf,total_power,hfnu,vlf,hf
57.79311678800812,10.580268736336533,0.11832141057480366,578.8039390167056,89.41973126366346,32.569072698751796,488.4417495299457
