lf,lfnu,lf_hf,total_power,hfnu,vlf,hf
186.79768011522413,27.877228971415747,0.3865246519766583,873.2678430722065,72.12277102858427,203.1952174652662,483.2749454917162
