lf,lfnu,lf_hf,total_power,hfnu,vlf,hf
1471.2122464805589,41.11350300544696,0.6981821827379193,13276.569131132297,58.88649699455301,9698.152944397627,2107.2039402541104
