lf,lfnu,lf_hf,total_power,hfnu,vlf,hf
339.80447576014194,55.307291829210484,1.2375014648442924,941.8756552503543,44.692708170789494,327.48202916310737,274.5891503271049
