lf,lfnu,lf_hf,total_power,hfnu,vlf,hf
1732.8645887289151,16.928940657321935,0.20378866949906133,10890.106652259894,83.07105934267807,653.999007925786,8503.243055605193
