lf,lfnu,lf_hf,total_power,hfnu,vlf,hf
861.6746790722104,31.308987323648356,0.45579452251148933,3610.5962979114065,68.69101267635163,858.4322941227279,1890.489324716468
