lf,lfnu,lf_hf,total_power,hfnu,vlf,hf
1224.8692891262046,55.08854002786989,1.2266031890759108,2754.7547690227507,44.911459972130096,531.2990584402414,998.5864214563045
