lf,lfnu,lf_hf,total_power,hfnu,vlf,hf
80.43354364386671,26.27235323694801,0.35634330390854396,431.8737113848086,73.72764676305198,125.72091677808359,225.71925096285827
