lf,lfnu,lf_hf,total_power,hfnu,vlf,hf
487.0578558482618,14.080213871549397,0.16387626769111588,3930.363148913853,85.91978612845061,471.1979665410538,2972.1073265245373
