lf,lfnu,lf_hf,total_power,hfnu,vlf,hf
17.71444794843004,7.190781609832102,0.07747917431652332,253.6858755263814,92.8092183901679,7.336467219936445,228.63496035801492
