lf,lfnu,lf_hf,total_power,hfnu,vlf,hf
127.1709339728486,9.158071212791125,0.1008132624995589,1395.6719639041958,90.84192878720887,7.050593552452813,1261.4504363788944
