lf,lfnu,lf_hf,total_power,hfnu,vlf,hf
140.40001948315202,48.78584314087958,0.9525851079630064,393.56047294483034,51.21415685912042,105.77202768271428,147.38842577896403
