lf,lfnu,lf_hf,total_power,hfnu,vlf,hf
8.524641837339972,1.548308148896291,0.015726577367892472,553.4047832339174,98.45169185110369,2.8269254982497394,542.0532158983277
