lf,lfnu,lf_hf,total_power,hfnu,vlf,hf
688.5379369881558,24.416963802537857,0.3230482001113063,2984.2754141034134,75.58303619746215,164.35913558318902,2131.3783415320686
