lf,lfnu,lf_hf,total_power,hfnu,vlf,hf
14.18629098799797,39.091741868812505,0.6418134924268334,52.185579501077854,60.90825813118747,15.895840774147835,22.103447738932044
