lf,lfnu,lf_hf,total_power,hfnu,vlf,hf
897.4151841865189,31.04900360173508,0.45030536502176494,3075.78604571707,68.9509963982649,185.46725900930727,1992.9036025212436
