lf,lfnu,lf_hf,total_power,hfnu,vlf,hf
815.8526098027501,25.021667750774522,0.3337186491105634,3819.8209828619474,74.97833224922547,559.2365249075164,2444.731848151681
