lf,lfnu,lf_hf,total_power,hfnu,vlf,hf
65.24974642272166,17.613614479413865,0.21379278102949056,429.6226643668006,82.38638552058613,59.1720308583681,305.20088708571086
