lf,lfnu,lf_hf,total_power,hfnu,vlf,hf
345.07624744725075,44.8647825932218,0.8137227837920199,1018.6477094638021,55.13521740677822,249.50044628418493,424.0710157323665
