lf,lfnu,lf_hf,total_power,hfnu,vlf,hf
63.339852894470525,25.758067610206236,0.34694769897647854,299.845650426176,74.24193238979375,53.94268187672984,182.56311565497563
