lf,lfnu,lf_hf,total_power,hfnu,vlf,hf
44.42355055937436,33.956597110170584,0.5141557767217934,235.26788458298375,66.04340288982942,104.44337818369928,86.40095583991013
