lf,lfnu,lf_hf,total_power,hfnu,vlf,hf
212.97117380274466,13.299935466443818,0.15340167897217935,1913.556627635189,86.70006453355617,312.26183684407533,1388.323616988369
