lf,lfnu,lf_hf,total_power,hfnu,vlf,hf
278.4565481027087,59.32187559473687,1.4583237664483253,1278.912722999972,40.678124405263134,809.5132892986312,190.94288559863202
