,RR,NN,AVNN,SDNN,RMSSD,pNN50,SEM,BETA_LOMB,HF_NORM_LOMB,HF_PEAK_LOMB,HF_POWER_LOMB,LF_NORM_LOMB,LF_PEAK_LOMB,LF_POWER_LOMB,LF_TO_HF_LOMB,TOTAL_POWER_LOMB,VLF_NORM_LOMB,VLF_POWER_LOMB,SD1,SD2,alpha1,alpha2,SampEn,PIP,IALS,PSS,PAS
0,257,222,992.7567567567554,193.27443813992264,46.769290307178366,10.407239819004525,12.971730947569744,-0.9304870749528068,8.343407482887494,0.30438309806921166,154.84744582217962,20.6064625709552,0.04656607097327492,382.44063988092086,2.4697897847155956,1855.925725068265,65.39118084862265,1213.6117472955004,33.00860115026345,267.9302855721606,1.4985792050564328,-0.019605513988640112,0.35058989926002454,63.96396396396396,0.6470588235294118,82.88288288288288,20.27027027027027
1,435,171,554.2923976608191,78.16955101937211,66.22599454097198,44.11764705882353,5.97777497114719,0.4637727254147895,38.76340451413663,0.16555851063829788,465.19544812198365,24.68795389559415,0.0604419959473151,296.2774792262487,0.6368881733953656,1200.0892438442331,36.520276302398614,438.27590772728024,46.96700265793228,99.4094641336807,1.0014951361023126,1.0019450220650614,2.2429468266743147,58.47953216374269,0.5941176470588235,67.83625730994152,22.22222222222222
