,HF_POWER_LOMB,LF_POWER_LOMB,LF_TO_HF_LOMB,VLF_POWER_LOMB
0,2.020694351740595,0.8534122743333669,0.4223361507386066,3.4207563119193765
1,9.961294259480184,4.105925705506826,0.41218797462982376,7.003927380681633
