,HF_POWER_LOMB,LF_POWER_LOMB,LF_TO_HF_LOMB,VLF_POWER_LOMB
0,3717.517001972439,9499.426420916074,2.5553148555543586,31380.587895841934
1,529.4260030909526,829.4200389757692,1.5666401614831134,1133.424813451562
