,RR,NN,AVNN,SDNN,RMSSD,pNN50,SEM,BETA_LOMB,HF_NORM_LOMB,HF_PEAK_LOMB,HF_POWER_LOMB,LF_NORM_LOMB,LF_PEAK_LOMB,LF_POWER_LOMB,LF_TO_HF_LOMB,TOTAL_POWER_LOMB,VLF_NORM_LOMB,VLF_POWER_LOMB,SD1,SD2,alpha1,alpha2,SampEn,PIP,IALS,PSS,PAS
0,395,336,623.214285714285,57.29297764863039,33.20133066925001,6.865671641791045,3.125588176955498,-2.1409820091803344,13.14910221666055,0.3283874580067189,19.697181794026505,9.067412527754005,0.05949048152295633,13.58286444334626,0.6895841539862057,149.7986818375267,71.85481334082321,107.63756322136844,23.505776145438045,76.58111253924035,1.0214737942874743,0.7372063227061856,0.3266334982604118,57.44047619047619,0.5791044776119403,55.952380952380956,31.547619047619047
1,326,115,723.2695652173901,252.08552300301827,93.07231672388932,46.49122807017544,23.507096228808877,-0.6996523503543942,2.8969891471986906,0.23739711934156374,365.6574019991475,9.327058608394083,0.1400034293552812,1177.259508319882,3.219569744475258,12621.98038790474,87.84792989383541,11088.148482380211,66.0131107216241,349.05292317430485,1.2563807363779023,1.047667798594874,0.6248792094309424,60.0,0.6140350877192983,60.86956521739131,28.695652173913043
