,RR,NN,AVNN,SDNN,RMSSD,pNN50,SEM,BETA_LOMB,HF_NORM_LOMB,HF_PEAK_LOMB,HF_POWER_LOMB,LF_NORM_LOMB,LF_PEAK_LOMB,LF_POWER_LOMB,LF_TO_HF_LOMB,TOTAL_POWER_LOMB,VLF_NORM_LOMB,VLF_POWER_LOMB,SD1,SD2,alpha1,alpha2,SampEn,PIP,IALS,PSS,PAS
0,506,459,468.8627450980393,69.81138583049778,23.5251421762021,6.331877729257642,3.258516440561375,-1.6840146434198537,2.0624050302684287,0.18710450739875392,36.822147275097166,7.44676780092589,0.05578271028037384,132.95447628609392,3.6107203442752804,1785.3984418523576,81.95103928335824,1463.1525784468915,16.651141358410257,97.26946371288246,1.127039862922812,1.3615686506198128,0.13958478850434142,50.76252723311547,0.5109170305676856,50.98039215686274,14.814814814814813
1,452,199,492.0804020100499,128.1078837016061,65.95008825933387,41.41414141414141,9.081327096946229,-2.008309476262656,13.924216493714354,0.22419717976063516,425.9498941911046,12.745101441753281,0.11719398032942291,389.88007785000707,0.9153191095173401,3059.0582556899067,72.00391586035984,2202.6417325463517,46.73573898053396,174.596969999585,0.9380709044797401,0.8479896953334204,0.6308256821311786,55.27638190954774,0.5606060606060607,55.778894472361806,28.14070351758794
