,RR,NN,AVNN,SDNN,RMSSD,pNN50,SEM,BETA_LOMB,HF_NORM_LOMB,HF_PEAK_LOMB,HF_POWER_LOMB,LF_NORM_LOMB,LF_PEAK_LOMB,LF_POWER_LOMB,LF_TO_HF_LOMB,TOTAL_POWER_LOMB,VLF_NORM_LOMB,VLF_POWER_LOMB,SD1,SD2,alpha1,alpha2,SampEn,PIP,IALS,PSS,PAS
0,657,549,364.8524590163935,24.122597803337143,34.577744836181346,17.335766423357665,1.0295273862051393,-0.6537214474035017,70.92433983069854,0.2835827180595716,45.60732961784864,24.855350472024057,0.1161814659891637,15.983034377911759,0.3504488096943243,64.30420040104228,4.161725322537384,2.6761641915453627,24.4721283610703,23.585945562703337,0.4916065436057841,0.36893271094549507,1.928472628753855,63.934426229508205,0.6423357664233577,75.77413479052824,30.965391621129324
1,580,417,381.1702637889691,68.58692041558372,36.59707848785523,16.346153846153847,3.358715943153758,-1.866866538055568,23.118859917055172,0.25452397931895165,32.44795429160249,22.919328035567567,0.09112586913888393,32.16790582063741,0.9913693027163331,140.35274407136785,51.66832688507145,72.51791459896208,25.897780632813358,91.07548911387,0.6311608514817779,0.6582418047355045,1.0954968272411,63.30935251798561,0.6370192307692307,74.10071942446042,30.69544364508393
