,HF_POWER_LOMB,LF_POWER_LOMB,LF_TO_HF_LOMB,VLF_POWER_LOMB
0,45.60732961784864,15.98303437791176,0.3504488096943243,2.6761641915453627
1,32.447954291602485,32.167905820637415,0.9913693027163332,72.51791459896208
