,RR,NN,AVNN,SDNN,RMSSD,pNN50,SEM,BETA_LOMB,HF_NORM_LOMB,HF_PEAK_LOMB,HF_POWER_LOMB,LF_NORM_LOMB,LF_PEAK_LOMB,LF_POWER_LOMB,LF_TO_HF_LOMB,TOTAL_POWER_LOMB,VLF_NORM_LOMB,VLF_POWER_LOMB,SD1,SD2,alpha1,alpha2,SampEn,PIP,IALS,PSS,PAS
0,529,240,430.1833333333327,47.35939035662375,59.91123140559936,46.02510460251046,3.057035502295665,0.20638120720872383,53.20825047397519,0.20119586296056885,154.33074616946263,39.683502556306784,0.05090497737556561,115.10216001422779,0.745814835158252,290.05040533130796,7.03960667518867,20.41840769511455,42.45062903193691,51.58408095495436,0.6222484175298263,0.648675514595184,1.2800551107833755,67.08333333333333,0.6778242677824269,75.83333333333333,44.583333333333336
1,414,216,550.0185185185181,186.65346483400486,55.67547161483601,34.41860465116279,12.700159654606543,-2.3028670530303263,2.1230649293788337,0.32109449952030705,231.7576302508578,3.55118716959159,0.0503677646306364,387.6540522209067,1.6726700726155352,10916.1819331953,91.30487582279324,9967.006358694158,39.45667511386182,261.24590921487,1.114993168966172,1.2518661500282025,0.3559693233704695,64.81481481481481,0.655813953488372,77.31481481481481,26.851851851851855
