,HF_POWER_LOMB,LF_POWER_LOMB,LF_TO_HF_LOMB,VLF_POWER_LOMB
0,7.415094028624537,5.935926087451613,0.8005193278112346,16.83564602974696
1,447.57547499259016,267.6916253252602,0.5980927023083469,1235.4146610948442
