,HF_POWER_LOMB,LF_POWER_LOMB,LF_TO_HF_LOMB,VLF_POWER_LOMB
0,451.24595164627965,72.14983009128999,0.15989025458968864,99.45865585924595
1,221.20299074532107,294.02928147498335,1.329228327719627,4334.256987924687
