,RR,NN,AVNN,SDNN,RMSSD,pNN50,SEM,BETA_LOMB,HF_NORM_LOMB,HF_PEAK_LOMB,HF_POWER_LOMB,LF_NORM_LOMB,LF_PEAK_LOMB,LF_POWER_LOMB,LF_TO_HF_LOMB,TOTAL_POWER_LOMB,VLF_NORM_LOMB,VLF_POWER_LOMB,SD1,SD2,alpha1,alpha2,SampEn,PIP,IALS,PSS,PAS
0,325,227,839.4537444933907,18.49710146118557,20.505125627294767,1.3274336283185841,1.2276957436818765,-0.5636561191444548,57.080689216838316,0.27088390911920324,3.7228265494101986,26.119992758645694,0.11571739807033928,1.7035569094635827,0.45759771153815226,6.5220420434446975,16.158248279758787,1.0538477462900477,14.530583485893002,21.53744903451784,1.1690015766651705,0.8532510554761003,0.47388960693404014,35.68281938325991,0.36283185840707965,22.026431718061673,5.726872246696035
1,463,192,560.5416666666653,141.17486959277812,72.50954080570214,51.832460732984295,10.188418620275096,-1.8961031584966104,29.487885282878654,0.3290466732869911,588.0755484711658,23.530756143974298,0.08634558093346574,469.2727943208434,0.7979804559819281,1994.295429562784,46.548937720183005,928.3233374636364,51.406735075598185,191.2839200104411,0.9185412349047042,1.383131550014855,1.1572610157496173,59.895833333333336,0.6073298429319371,70.83333333333334,19.270833333333336
