,RR,NN,AVNN,SDNN,RMSSD,pNN50,SEM,BETA_LOMB,HF_NORM_LOMB,HF_PEAK_LOMB,HF_POWER_LOMB,LF_NORM_LOMB,LF_PEAK_LOMB,LF_POWER_LOMB,LF_TO_HF_LOMB,TOTAL_POWER_LOMB,VLF_NORM_LOMB,VLF_POWER_LOMB,SD1,SD2,alpha1,alpha2,SampEn,PIP,IALS,PSS,PAS
0,422,411,568.8953771289528,32.418848071519655,20.909094765256523,5.609756097560975,1.5991038474867398,-1.5290114458603659,11.448564617702452,0.2819064829455613,35.65742210269408,20.29263800100564,0.05552703451958026,63.20295888099202,1.7725049976682625,311.45757825010173,59.40271997080661,185.0142730357638,14.802315546240145,43.35136921658282,0.9481707767260555,0.816904691405526,0.34670839877613413,36.73965936739659,0.37073170731707317,28.467153284671532,10.948905109489052
1,456,358,536.50279329609,29.537873765274615,31.16343472509994,12.044817927170868,1.5611251373092492,-0.9684759549826119,37.9867374686003,0.23682679648510452,13.675045121949427,18.778203187913032,0.05074859924680812,6.760063985913749,0.4943357718844643,35.99952518494953,41.05493977080855,14.779583382458087,22.06639138324268,35.30238155856801,0.5910970476903197,0.4912587431152948,0.22804397595791626,54.46927374301676,0.5490196078431373,49.72067039106145,28.49162011173184
