,HF_POWER_LOMB,LF_POWER_LOMB,LF_TO_HF_LOMB,VLF_POWER_LOMB
0,35.65742210269408,63.20295888099202,1.7725049976682623,185.0142730357638
1,13.675045121949427,6.760063985913749,0.4943357718844643,14.779583382458089
