,RR,NN,AVNN,SDNN,RMSSD,pNN50,SEM,BETA_LOMB,HF_NORM_LOMB,HF_PEAK_LOMB,HF_POWER_LOMB,LF_NORM_LOMB,LF_PEAK_LOMB,LF_POWER_LOMB,LF_TO_HF_LOMB,TOTAL_POWER_LOMB,VLF_NORM_LOMB,VLF_POWER_LOMB,SD1,SD2,alpha1,alpha2,SampEn,PIP,IALS,PSS,PAS
0,235,67,1113.4328358208945,298.96200345785445,138.67948658687584,54.54545454545455,36.52402184609388,-0.16860624957989281,7.857419954173232,0.25964172813487885,2389.2346797899963,42.89354851143197,0.09441517386722867,13042.79957549389,5.458986379956738,30407.3690056623,49.636516073157026,15093.158603919735,98.81203931818654,412.92041033117675,1.2420549817252078,0.9904017852679113,0.7999772041971316,52.23880597014925,0.5454545454545455,55.223880597014926,19.402985074626866
1,326,158,615.9493670886078,260.76222904235476,76.33850194351618,42.67515923566879,20.745129075254543,-2.7103260868222643,4.78524387747786,0.31401405038759694,318.0029183591965,4.6330464955914445,0.04890382751937985,307.88865608840524,0.9681944356895279,6645.490313584709,89.3881049707054,5940.277857325158,54.05763886307758,362.89171686720823,0.972705428033407,1.779543747727516,0.4462147672817208,60.75949367088608,0.6178343949044586,71.51898734177216,31.0126582278481
