,HF_POWER_LOMB,LF_POWER_LOMB,LF_TO_HF_LOMB,VLF_POWER_LOMB
0,2389.234679789997,13042.799575493891,5.4589863799567375,15093.158603919735
1,318.0029183591965,307.88865608840524,0.968194435689528,5940.277857325157
