,RR,NN,AVNN,SDNN,RMSSD,pNN50,SEM,BETA_LOMB,HF_NORM_LOMB,HF_PEAK_LOMB,HF_POWER_LOMB,LF_NORM_LOMB,LF_PEAK_LOMB,LF_POWER_LOMB,LF_TO_HF_LOMB,TOTAL_POWER_LOMB,VLF_NORM_LOMB,VLF_POWER_LOMB,SD1,SD2,alpha1,alpha2,SampEn,PIP,IALS,PSS,PAS
0,505,123,514.60162601626,40.293948583085665,54.899013099911336,26.229508196721312,3.6331829898219152,0.6174673794813715,22.3898051444113,0.32067448680351907,41.07024801591437,66.39152359528039,0.13064516129032258,121.78383521543105,2.965256873253866,183.4328068110315,11.333488998067617,20.78933697877488,38.95695344415638,38.263917128504524,0.41862204854737095,0.7211616048434595,0.48168448885849113,69.91869918699187,0.7131147540983607,75.60975609756098,47.96747967479675
1,505,278,497.5395683453231,73.95259152534653,51.505003086690195,29.24187725631769,4.435381693532054,-0.8421041936348401,8.909181753744155,0.29683698296836986,208.02139520910725,17.93655712962425,0.057919411310901434,418.80250537982744,2.013266495779623,2334.9102191307816,71.75085710390229,1675.318094832939,36.48517364897896,98.18568540312779,1.1201226656892698,1.0134329617437392,1.016276002007474,58.992805755395686,0.5956678700361011,68.34532374100719,28.05755395683453
