,HF_POWER_LOMB,LF_POWER_LOMB,LF_TO_HF_LOMB,VLF_POWER_LOMB
0,41.070248015914366,121.78383521543104,2.965256873253866,20.78933697877488
1,208.02139520910725,418.8025053798273,2.013266495779623,1675.318094832939
