,HF_POWER_LOMB,LF_POWER_LOMB,LF_TO_HF_LOMB,VLF_POWER_LOMB
0,561.531205457051,34.208866241164074,0.06092068598987337,16.700288389345616
1,588.1375965779813,1462.3636062316452,2.4864310915341226,3713.3139392980693
