,RR,NN,AVNN,SDNN,RMSSD,pNN50,SEM,BETA_LOMB,HF_NORM_LOMB,HF_PEAK_LOMB,HF_POWER_LOMB,LF_NORM_LOMB,LF_PEAK_LOMB,LF_POWER_LOMB,LF_TO_HF_LOMB,TOTAL_POWER_LOMB,VLF_NORM_LOMB,VLF_POWER_LOMB,SD1,SD2,alpha1,alpha2,SampEn,PIP,IALS,PSS,PAS
0,341,322,707.9751552795036,44.75978812677066,54.71557723832792,32.71028037383178,2.494365472253825,0.06990610634726785,91.54727934400715,0.23562343439578473,561.531205457051,5.5771230581434805,0.09644121965967004,34.208866241164074,0.06092068598987337,613.3783652346298,2.722673203994962,16.700288389345616,38.75011204887872,50.12353430863375,0.5360699286100812,0.45353432167556634,1.5627655042356698,41.61490683229814,0.4205607476635514,35.40372670807454,6.832298136645963
1,357,297,697.6969696969701,79.27937104454485,55.47777738683829,29.72972972972973,4.600255692358797,0.14216612538328302,10.181869149226184,0.20519548674888477,588.1375965779812,25.31651602256807,0.08690632379952767,1462.3636062316452,2.4864310915341226,5776.322480265612,64.2850871291265,3713.3139392980697,39.294165274820244,105.09569009696965,0.9899989624193235,1.3461584064525325,1.208144156435735,47.474747474747474,0.47972972972972977,43.77104377104377,18.181818181818183
