,RR,NN,AVNN,SDNN,RMSSD,pNN50,SEM,BETA_LOMB,HF_NORM_LOMB,HF_PEAK_LOMB,HF_POWER_LOMB,LF_NORM_LOMB,LF_PEAK_LOMB,LF_POWER_LOMB,LF_TO_HF_LOMB,TOTAL_POWER_LOMB,VLF_NORM_LOMB,VLF_POWER_LOMB,SD1,SD2,alpha1,alpha2,SampEn,PIP,IALS,PSS,PAS
0,412,280,656.1714285714281,52.385932454226875,30.59739722338883,5.376344086021505,3.130658259797553,-2.6662256892102216,24.65449117698883,0.24711781953885115,175.50601487897836,15.93319233092478,0.09911868585898975,113.42238094578443,0.646259223787833,711.8622470001984,52.653839198372346,374.8228028494046,21.673969766085623,70.93206925449797,1.1364632628223585,0.862936504097231,0.40746347374730985,55.00000000000001,0.5555555555555556,58.57142857142858,21.428571428571427
1,435,267,577.9026217228462,79.2865145158891,45.686081525039306,22.18045112781955,4.852255888376637,-1.1531092520426696,10.91355230643829,0.1751824817518248,171.89947350368206,23.53553767722504,0.07623682076236821,370.7084935996804,2.1565423444519154,1575.1010182291652,62.1349472068266,978.6881861308801,32.36538453417024,107.20061234296968,1.0326137565491398,0.7949381710455303,0.47961119001798835,61.04868913857678,0.6165413533834586,70.0374531835206,27.715355805243448
