,HF_POWER_LOMB,LF_POWER_LOMB,LF_TO_HF_LOMB,VLF_POWER_LOMB
0,618.8343479489828,2445.3693622624883,3.9515734224631087,13475.714886504016
1,680.833439546583,1290.714292874306,1.8957856913342677,10079.24847923478
