,HF_POWER_LOMB,LF_POWER_LOMB,LF_TO_HF_LOMB,VLF_POWER_LOMB
0,1.5316229550196183,0.5319360585382652,0.34730222395462323,0.217522733065459
1,70.94617996378818,227.90207429976317,3.212323403685544,2995.9815391241323
