,RR,NN,AVNN,SDNN,RMSSD,pNN50,SEM,BETA_LOMB,HF_NORM_LOMB,HF_PEAK_LOMB,HF_POWER_LOMB,LF_NORM_LOMB,LF_PEAK_LOMB,LF_POWER_LOMB,LF_TO_HF_LOMB,TOTAL_POWER_LOMB,VLF_NORM_LOMB,VLF_POWER_LOMB,SD1,SD2,alpha1,alpha2,SampEn,PIP,IALS,PSS,PAS
0,460,444,506.2342342342337,10.64846025173686,12.624817009155775,0.9029345372460497,0.5053535595194355,-1.2528886579963818,59.35579856142335,0.36536069651741293,4.1533446830323895,14.356158601648128,0.1277096659559346,1.0045534967442469,0.24186615207934403,6.997369732519681,19.202674436483065,1.3436821288527603,8.935977279402515,11.423796682790032,0.5432922608387496,0.3528610835432939,1.6370232625429855,51.57657657657657,0.5191873589164786,52.92792792792793,18.91891891891892
1,560,329,414.5531914893619,76.70467834710026,55.59698184473639,26.21951219512195,4.228865807665992,-0.5800102450675545,37.951655709485564,0.29201101928374656,195.9532753134032,27.43181118632857,0.09366391184573002,141.63685745063373,0.7228093392371369,516.3233899817104,34.475828791288144,178.0067679394695,39.359877669587114,96.07392544128682,0.9344981143294133,1.1291531968911335,0.8580000449286305,57.446808510638306,0.5792682926829268,63.22188449848024,26.13981762917933
