,HF_POWER_LOMB,LF_POWER_LOMB,LF_TO_HF_LOMB,VLF_POWER_LOMB
0,4.070449967075969,11.019893559216001,2.7072912450345648,453.5143439322416
1,377.9371030510501,509.86365025930746,1.349070112839483,47.907419970758816
