,RR,NN,AVNN,SDNN,RMSSD,pNN50,SEM,BETA_LOMB,HF_NORM_LOMB,HF_PEAK_LOMB,HF_POWER_LOMB,LF_NORM_LOMB,LF_PEAK_LOMB,LF_POWER_LOMB,LF_TO_HF_LOMB,TOTAL_POWER_LOMB,VLF_NORM_LOMB,VLF_POWER_LOMB,SD1,SD2,alpha1,alpha2,SampEn,PIP,IALS,PSS,PAS
0,317,216,549.703703703703,168.236116425516,52.59197922753782,5.116279069767442,11.447017820832722,-2.1076195441793915,0.8398549801808725,0.2602334505916214,4.070449967075968,2.273732034942354,0.07974896066517428,11.019893559216001,2.707291245034565,484.66105019694584,93.5735074539108,453.51434393224156,37.27474314938815,235.38612781464502,0.5867934325498652,0.0014500811789073535,0.028599140943539346,44.907407407407405,0.4558139534883721,36.574074074074076,12.962962962962962
1,122,82,681.8048780487813,74.25854716975611,72.77362159465099,33.333333333333336,8.200484688057143,2.131982729781391,40.391355435874765,0.1914656771799629,377.9371030510501,54.49077043561525,0.08014842300556588,509.8636502593075,1.349070112839483,935.6880920994648,5.120020269069129,47.90741997075882,51.701063818849384,84.75258108163861,0.631898105752366,0.2546477487106442,1.1098483619350357,65.85365853658537,0.6790123456790124,79.26829268292683,37.80487804878049
