,HF_POWER_LOMB,LF_POWER_LOMB,LF_TO_HF_LOMB,VLF_POWER_LOMB
0,1105.3283186412114,1651.9951427137198,1.4945741594176567,2183.982931775615
1,512.4472410691726,1112.2496194714663,2.1704665970117487,6358.384104813247
