,RR,NN,AVNN,SDNN,RMSSD,pNN50,SEM,BETA_LOMB,HF_NORM_LOMB,HF_PEAK_LOMB,HF_POWER_LOMB,LF_NORM_LOMB,LF_PEAK_LOMB,LF_POWER_LOMB,LF_TO_HF_LOMB,TOTAL_POWER_LOMB,VLF_NORM_LOMB,VLF_POWER_LOMB,SD1,SD2,alpha1,alpha2,SampEn,PIP,IALS,PSS,PAS
0,349,100,698.8400000000019,111.67962113912274,90.03433688422405,50.505050505050505,11.167962113912274,2.933152594065394,22.369269456783417,0.23170874240299205,1105.3283186412111,33.43253209515913,0.07842449742870501,1651.9951427137198,1.4945741594176567,4941.280361330814,44.1987252710229,2183.9829317756144,63.9669441535348,143.74233687550498,1.0763699681421741,0.7729443074380132,0.8967461358011849,51.0,0.5252525252525253,56.99999999999999,14.000000000000002
1,356,142,658.9014084507041,127.87329222026916,74.26767764823339,49.645390070921984,10.730888305527493,-0.1285090295058264,6.412427903294216,0.22839746081098586,512.4472410691726,13.91796056984618,0.07967353284104159,1112.2496194714663,2.1704665970117487,7991.469826988874,79.56463882701087,6358.384104813247,52.675904952002575,172.48663046731974,1.159322944894503,1.2436111195543975,0.7920512546188594,55.633802816901415,0.5673758865248227,61.97183098591549,19.718309859154928
