,HF_POWER_LOMB,LF_POWER_LOMB,LF_TO_HF_LOMB,VLF_POWER_LOMB
0,255.58259956017218,470.30914376106165,1.8401453955410452,598.6201740090925
1,598.2204801670923,712.6893763100278,1.1913490091662564,3069.781085586721
