,HF_POWER_LOMB,LF_POWER_LOMB,LF_TO_HF_LOMB,VLF_POWER_LOMB
0,1843.9081782791143,3388.650131644238,1.83775427191109,3528.422638645048
