,RR,NN,AVNN,SDNN,RMSSD,pNN50,SEM,BETA_LOMB,HF_NORM_LOMB,HF_PEAK_LOMB,HF_POWER_LOMB,LF_NORM_LOMB,LF_PEAK_LOMB,LF_POWER_LOMB,LF_TO_HF_LOMB,TOTAL_POWER_LOMB,VLF_NORM_LOMB,VLF_POWER_LOMB,SD1,SD2,alpha1,alpha2,SampEn,PIP,IALS,PSS,PAS
0,402,400,596.9499999999987,6.943921450648926,11.106231175665192,1.0025062656641603,0.3471960725324463,0.11169017416139967,67.49827212573878,0.32724515039660723,4.447712633836604,27.364283417090906,0.1369620278017749,1.8031345875544305,0.40540716903264584,6.58937257764348,5.066422426436535,0.33384545003518845,7.8631511322524315,5.902939919135474,0.3466932684878854,0.3082043036612082,0.4714018118364409,40.0,0.4035087719298246,32.25,12.0
1,407,365,595.5945205479443,21.46015916603583,23.52179256083232,7.417582417582418,1.1232760690096804,-0.8399839699832888,68.77422049823194,0.3224035891561664,3.270204410550209,11.473385715861731,0.12320422871324932,0.5455578602002386,0.16682683762525075,4.754985788074879,18.191222235152832,0.8649900319586346,16.649813778319363,22.631937241329833,0.6042695243914813,-0.577500893924136,0.03858583820886149,27.397260273972602,0.2774725274725275,11.506849315068493,4.10958904109589
