,RR,NN,AVNN,SDNN,RMSSD,pNN50,SEM,BETA_LOMB,HF_NORM_LOMB,HF_PEAK_LOMB,HF_POWER_LOMB,LF_NORM_LOMB,LF_PEAK_LOMB,LF_POWER_LOMB,LF_TO_HF_LOMB,TOTAL_POWER_LOMB,VLF_NORM_LOMB,VLF_POWER_LOMB,SD1,SD2,alpha1,alpha2,SampEn,PIP,IALS,PSS,PAS
0,319,310,752.2838709677418,20.520651793148968,12.228673397980055,0.0,1.1654947032382208,1.218852952178766,16.940296364521885,0.2305671833554377,28.862725215940202,28.421938985545953,0.09437168435013261,48.42504507548406,1.6777710598422648,170.37910432539712,54.28619095846596,92.49232592740901,8.660926167542303,27.72374239689496,1.1687725721927296,1.0337075218857632,1.3059657349311826,39.03225806451613,0.3948220064724919,27.09677419354839,7.419354838709677
1,384,291,667.2714776632307,119.25408332869694,32.19937887599857,11.379310344827585,6.990798171461978,-1.9313742611861824,3.512167927706666,0.15840546287699542,70.0889493612997,20.02767759140754,0.05151397166731558,399.67305363020716,5.70236902211136,1995.6035931079628,68.32481547147086,1363.4924725330577,22.784232496344753,166.16702344397166,1.3252254496546354,0.9063311769320108,0.38065098567100614,42.955326460481096,0.4344827586206897,34.36426116838488,14.776632302405499
