,HF_POWER_LOMB,LF_POWER_LOMB,LF_TO_HF_LOMB,VLF_POWER_LOMB
0,28.8627252159402,48.425045075484064,1.6777710598422648,92.492325927409
1,70.08894936129971,399.6730536302072,5.70236902211136,1363.4924725330575
