,HF_POWER_LOMB,LF_POWER_LOMB,LF_TO_HF_LOMB,VLF_POWER_LOMB
0,1454.1363631314014,6247.629579377014,4.296453714920582,11544.63523070054
1,1051.68925758849,1129.891162402516,1.0743583755845731,14304.56776365493
