,RR,NN,AVNN,SDNN,RMSSD,pNN50,SEM,BETA_LOMB,HF_NORM_LOMB,HF_PEAK_LOMB,HF_POWER_LOMB,LF_NORM_LOMB,LF_PEAK_LOMB,LF_POWER_LOMB,LF_TO_HF_LOMB,TOTAL_POWER_LOMB,VLF_NORM_LOMB,VLF_POWER_LOMB,SD1,SD2,alpha1,alpha2,SampEn,PIP,IALS,PSS,PAS
0,254,70,875.7142857142859,218.1836178481518,162.37512481725835,56.52173913043478,26.07793021401933,0.5328529548503437,7.592223320371093,0.24945987654320986,1454.1363631314014,32.61963608931506,0.10632716049382718,6247.629579377014,4.296453714920582,19152.971425771048,60.27594869779211,11544.63523070054,115.50048253719821,280.8787999400354,1.2910492219848448,1.4948181606322335,1.264597426142371,51.42857142857142,0.536231884057971,50.0,20
1,307,105,707.466666666667,207.09497387703067,88.75289811085861,54.80769230769231,20.21040001138688,-0.279522107631402,6.421389284394719,0.2866174920969442,1051.6892575884901,6.898873360578495,0.11801896733403584,1129.8911624025159,1.0743583755845731,16377.9084402235,87.34062603820321,14304.567763654928,63.04969767096478,287.08375199095934,0.918967448046098,1.2091890943805772,0.9493659835559412,55.23809523809524,0.5673076923076923,62.857142857142854,20
