,RR,NN,AVNN,SDNN,RMSSD,pNN50,SEM,BETA_LOMB,HF_NORM_LOMB,HF_PEAK_LOMB,HF_POWER_LOMB,LF_NORM_LOMB,LF_PEAK_LOMB,LF_POWER_LOMB,LF_TO_HF_LOMB,TOTAL_POWER_LOMB,VLF_NORM_LOMB,VLF_POWER_LOMB,SD1,SD2,alpha1,alpha2,SampEn,PIP,IALS,PSS,PAS
0,245,58,707.5172413793103,205.22176634492357,95.26325482209047,54.3859649122807,26.946938083923374,0.21706854763614,43.013168769576986,0.16190476190476194,2328.4967745002086,36.96626446131573,0.08095238095238097,2001.150578433468,0.8594173719063868,5413.450906102838,21.213061174160696,1148.3586523447516,67.39949353907237,275.742179170024,1.2302348977803608,65535.0,1.3668762752627892,60.3448275862069,0.6315789473684211,65.51724137931035,27.586206896551722
1,362,210,516.1904761904763,162.4556823034862,49.042116457217205,17.22488038277512,11.210507127709901,-1.62094128552469,3.1708771492282963,0.23814739096573206,93.58844253032258,4.450868983374649,0.05086643302180686,131.36740291623417,1.4036712158520133,2951.5001094602294,91.08318312749857,2688.320249707982,34.727457716772086,225.5275335391399,1.3613352167118744,1.0675485978811572,0.2003877884822548,51.42857142857142,0.5215311004784688,50.0,24.761904761904763
