,HF_POWER_LOMB,LF_POWER_LOMB,LF_TO_HF_LOMB,VLF_POWER_LOMB
0,2328.496774500209,2001.1505784334681,0.8594173719063868,1148.3586523447514
1,93.58844253032257,131.36740291623414,1.4036712158520133,2688.320249707982
