,HF_POWER_LOMB,LF_POWER_LOMB,LF_TO_HF_LOMB,VLF_POWER_LOMB
0,154.84744582217962,382.44063988092086,2.469789784715596,1213.6117472955004
1,465.1954481219837,296.2774792262487,0.6368881733953656,438.2759077272802
