,HF_POWER_LOMB,LF_POWER_LOMB,LF_TO_HF_LOMB,VLF_POWER_LOMB
0,11.065074786073218,2.798996094070376,0.2529577204117285,25.10499046570931
1,37.169610144245794,37.83704925948333,1.0179565809984925,15.98086360300477
