,RR,NN,AVNN,SDNN,RMSSD,pNN50,SEM,BETA_LOMB,HF_NORM_LOMB,HF_PEAK_LOMB,HF_POWER_LOMB,LF_NORM_LOMB,LF_PEAK_LOMB,LF_POWER_LOMB,LF_TO_HF_LOMB,TOTAL_POWER_LOMB,VLF_NORM_LOMB,VLF_POWER_LOMB,SD1,SD2,alpha1,alpha2,SampEn,PIP,IALS,PSS,PAS
0,438,402,554.0796019900481,19.53917050135606,22.19478494608432,7.231920199501247,0.9745252497450764,-3.196775492251367,24.295155934541686,0.31709221784598673,11.065074786073218,6.145647262249144,0.12661279369822087,2.798996094070376,0.25295772041172854,45.54436619335061,55.12205474356692,25.10499046570931,15.712444041446268,22.09737461978799,0.4464338058384631,0.4779137109064959,1.0941219353664833,57.711442786069654,0.5810473815461347,60.94527363184079,26.616915422885572
1,429,386,565.5854922279789,20.597167801554146,29.46518967523128,10.38961038961039,1.0483682379267925,-1.5796127048748123,40.708487485909274,0.3782346685572492,37.169610144245794,41.43947273877612,0.1283705541770058,37.83704925948333,1.0179565809984925,91.30678254040164,17.502383895669,15.98086360300477,20.86185493531119,20.131889264745176,0.5455611633334383,0.6612964292238049,0.7142493181614304,62.43523316062176,0.6285714285714286,67.61658031088082,35.751295336787564
