,RR,NN,AVNN,SDNN,RMSSD,pNN50,SEM,BETA_LOMB,HF_NORM_LOMB,HF_PEAK_LOMB,HF_POWER_LOMB,LF_NORM_LOMB,LF_PEAK_LOMB,LF_POWER_LOMB,LF_TO_HF_LOMB,TOTAL_POWER_LOMB,VLF_NORM_LOMB,VLF_POWER_LOMB,SD1,SD2,alpha1,alpha2,SampEn,PIP,IALS,PSS,PAS
0,481,480,498.3999999999993,8.989346512994327,11.109626437573809,1.0438413361169103,0.41030565519978335,-0.7322103488501954,31.397791233406288,0.2415131940626718,2.020694351740595,13.260422291211176,0.0470480248174036,0.8534122743333669,0.4223361507386066,6.435785042072126,53.1521219176394,3.4207563119193765,7.862729854676786,8.949668987035668,0.5861182573263205,0.908731681829573,1.115485359169181,48.95833333333333,0.4926931106471816,45.0,24.166666666666668
1,480,458,499.69432314410534,12.50760864628058,18.215342079950613,3.50109409190372,0.5844421705874285,-0.7951066692073883,46.70344368751469,0.24441591784338895,9.961294259480184,19.25059786179471,0.07419768934531451,4.105925705506827,0.41218797462982376,21.328821759118274,32.83785414769753,7.003927380681633,12.894305700792856,12.135623981452328,0.42754523183290166,0.9427560707288464,1.277309715168673,51.7467248908297,0.5207877461706784,46.288209606986904,23.799126637554586
