,RR,NN,AVNN,SDNN,RMSSD,pNN50,SEM,BETA_LOMB,HF_NORM_LOMB,HF_PEAK_LOMB,HF_POWER_LOMB,LF_NORM_LOMB,LF_PEAK_LOMB,LF_POWER_LOMB,LF_TO_HF_LOMB,TOTAL_POWER_LOMB,VLF_NORM_LOMB,VLF_POWER_LOMB,SD1,SD2,alpha1,alpha2,SampEn,PIP,IALS,PSS,PAS
0,258,119,1044.235294117647,339.0204410087018,110.93562035886679,49.152542372881356,31.077952873451835,-1.621466928129858,8.157621817867318,0.19334811529933482,3717.5170019724387,20.845292217190707,0.052365114560236514,9499.426420916074,2.5553148555543586,45571.08781177019,68.86073912797161,31380.587895841938,78.5897723026955,471.2985774682214,1.0846164623455492,0.8319360609889017,0.6308341161313322,56.30252100840336,0.576271186440678,60.50420168067227,19.327731092436977
1,370,137,586.0437956204427,89.51387245538103,84.88192491025944,54.411764705882355,7.6476862404136225,0.5788943655596573,21.25192837118075,0.21215903013014795,529.4260030909526,33.294124495254174,0.10607951506507399,829.4200389757692,1.5666401614831134,2491.190417378288,45.49731748905692,1133.424813451562,60.22372233618836,110.11811444326824,0.7587335370784059,0.9856955845607013,1.9328380674879604,61.31386861313869,0.625,66.42335766423358,36.496350364963504
