,HF_POWER_LOMB,LF_POWER_LOMB,LF_TO_HF_LOMB,VLF_POWER_LOMB
0,750.8637784069384,2147.045896461345,2.8594346380865514,938.6002716720164
1,557.1888906784213,663.099576258301,1.1900803970641358,3613.6419691840656
