,RR,NN,AVNN,SDNN,RMSSD,pNN50,SEM,BETA_LOMB,HF_NORM_LOMB,HF_PEAK_LOMB,HF_POWER_LOMB,LF_NORM_LOMB,LF_PEAK_LOMB,LF_POWER_LOMB,LF_TO_HF_LOMB,TOTAL_POWER_LOMB,VLF_NORM_LOMB,VLF_POWER_LOMB,SD1,SD2,alpha1,alpha2,SampEn,PIP,IALS,PSS,PAS
0,379,123,665.5609756097551,117.02389740123594,76.5947393647951,33.60655737704918,10.551689481713149,-0.3600940988759649,19.582074437031828,0.2465277777777778,750.8637784069385,55.993661930838016,0.11401909722222221,2147.045896461345,2.8594346380865514,3834.44451108292,24.478128943035294,938.6002716720164,54.37252268758162,147.85146539346508,1.1514932208182485,0.39707722245047267,0.8749411720554596,48.78048780487805,0.5,52.03252032520326,19.51219512195122
1,409,193,603.2331606217616,126.57339989631508,60.848171706305706,42.1875,9.110952687118077,-0.5092267936264581,11.464368540657532,0.2841705360911777,557.1888906784213,13.643520264955301,0.055972984381595606,663.099576258301,1.1900803970641358,4860.179509254193,74.3520267575176,3613.6419691840656,43.13693242359739,173.49224575416451,1.1634054184371323,1.4116434438649859,0.8392549215877432,58.549222797927456,0.59375,65.28497409326425,22.797927461139896
