,HF_POWER_LOMB,LF_POWER_LOMB,LF_TO_HF_LOMB,VLF_POWER_LOMB
0,19.697181794026502,13.58286444334626,0.6895841539862057,107.63756322136845
1,365.6574019991475,1177.2595083198821,3.2195697444752587,11088.148482380213
