,HF_POWER_LOMB,LF_POWER_LOMB,LF_TO_HF_LOMB,VLF_POWER_LOMB
0,36.82214727509717,132.95447628609392,3.61072034427528,1463.1525784468915
1,425.94989419110465,389.88007785000707,0.91531910951734,2202.6417325463517
