,HF_POWER_LOMB,LF_POWER_LOMB,LF_TO_HF_LOMB,VLF_POWER_LOMB
0,154.33074616946263,115.10216001422779,0.7458148351582521,20.41840769511455
1,231.7576302508578,387.6540522209067,1.6726700726155352,9967.006358694158
