,RR,NN,AVNN,SDNN,RMSSD,pNN50,SEM,BETA_LOMB,HF_NORM_LOMB,HF_PEAK_LOMB,HF_POWER_LOMB,LF_NORM_LOMB,LF_PEAK_LOMB,LF_POWER_LOMB,LF_TO_HF_LOMB,TOTAL_POWER_LOMB,VLF_NORM_LOMB,VLF_POWER_LOMB,SD1,SD2,alpha1,alpha2,SampEn,PIP,IALS,PSS,PAS
0,394,367,609.2970027247944,11.824609271955424,13.144011081949063,2.185792349726776,0.6172395796863434,-1.4963494343138806,22.73049693752451,0.3301793721973094,7.415094028624537,18.196202129242447,0.08812219730941702,5.935926087451614,0.8005193278112346,32.62178582811083,51.60859714565153,16.83564602974696,9.306929598063018,13.916246649238708,0.6450554760300617,0.7779558382269143,1.071568172384004,51.49863760217984,0.5191256830601093,49.04632152588556,24.52316076294278
1,451,240,558.9000000000015,73.66819198582459,60.11481344044193,32.63598326359833,4.755261345105155,-0.19780754696313332,22.776717926485535,0.16588740759461676,447.57547499259016,13.6225887743667,0.08014784861312946,267.6916253252602,0.5980927023083469,1965.0569341780993,62.86915353989813,1235.4146610948442,42.59541190093188,94.61868385366978,0.7730299609518336,1.0195525968229873,0.1620120995447205,56.25,0.5690376569037657,61.25000000000001,26.25
