,RR,NN,AVNN,SDNN,RMSSD,pNN50,SEM,BETA_LOMB,HF_NORM_LOMB,HF_PEAK_LOMB,HF_POWER_LOMB,LF_NORM_LOMB,LF_PEAK_LOMB,LF_POWER_LOMB,LF_TO_HF_LOMB,TOTAL_POWER_LOMB,VLF_NORM_LOMB,VLF_POWER_LOMB,SD1,SD2,alpha1,alpha2,SampEn,PIP,IALS,PSS,PAS
0,329,292,733.2876712328763,48.3616045632554,62.58618799571372,47.07903780068729,2.8301488391645178,-0.6769289254874893,71.47425594152456,0.2662045571860482,451.24595164627965,11.428036979098929,0.07939434161689159,72.14983009128999,0.15989025458968864,631.3405375152961,15.753567203315576,99.45865585924595,44.3293772129237,51.74350222505661,0.5040993063408831,0.7297662341846484,0.715918562972423,58.21917808219178,0.5876288659793815,64.72602739726028,27.054794520547947
1,413,259,645.9613899613913,132.4635332866114,57.563446627148686,36.434108527131784,8.23088346819939,-2.280811318022514,4.317062438827037,0.2273793159214037,221.20299074532107,5.738361686223278,0.05235707932400744,294.0292814749833,1.329228327719627,5123.923822733099,84.58863046899857,4334.256987924687,40.768115880720785,182.14548749365858,0.8519141381120454,1.2115210777185383,0.5400945147296503,60.61776061776062,0.6124031007751938,66.02316602316603,31.66023166023166
