,HF_POWER_LOMB,LF_POWER_LOMB,LF_TO_HF_LOMB,VLF_POWER_LOMB
0,3.722826549410199,1.7035569094635827,0.4575977115381522,1.0538477462900475
1,588.0755484711658,469.27279432084333,0.7979804559819281,928.3233374636363
