,HF_POWER_LOMB,LF_POWER_LOMB,LF_TO_HF_LOMB,VLF_POWER_LOMB
0,208.99813845876477,272.70425621823534,1.3048166755420156,7169.135739439619
1,959.3436885924457,5278.351256273071,5.502044073503519,22112.86175210587
