,RR,NN,AVNN,SDNN,RMSSD,pNN50,SEM,BETA_LOMB,HF_NORM_LOMB,HF_PEAK_LOMB,HF_POWER_LOMB,LF_NORM_LOMB,LF_PEAK_LOMB,LF_POWER_LOMB,LF_TO_HF_LOMB,TOTAL_POWER_LOMB,VLF_NORM_LOMB,VLF_POWER_LOMB,SD1,SD2,alpha1,alpha2,SampEn,PIP,IALS,PSS,PAS
0,308,197,817.3807106598997,184.7368846895456,70.89112088553952,20.408163265306122,13.161958058086755,-3.1381545352862763,2.522848906426595,0.17999131944444444,208.99813845876474,3.291855322978359,0.05430772569444444,272.7042562182353,1.3048166755420156,8284.21146927872,86.53974812238603,7169.135739439619,50.2505433946736,256.4393971614654,0.9214370456458014,1.0463681897018786,0.22244806038551448,47.71573604060914,0.48469387755102034,42.13197969543147,25.888324873096447
1,270,69,990.3768115942021,281.0378403163632,109.438137239046,55.88235294117647,33.83298015586757,0.4457593011618337,3.3856526519786363,0.15777363184079599,959.3436885924457,18.628010108760527,0.12108208955223879,5278.351256273071,5.5020440735035185,28335.56147680383,78.03925738407544,22112.86175210587,77.9572720140767,389.66204262500247,1.2785105441850362,0.8437527046954553,1.0881409888008142,57.971014492753625,0.6029411764705883,65.21739130434783,27.536231884057973
