,RR,NN,AVNN,SDNN,RMSSD,pNN50,SEM,BETA_LOMB,HF_NORM_LOMB,HF_PEAK_LOMB,HF_POWER_LOMB,LF_NORM_LOMB,LF_PEAK_LOMB,LF_POWER_LOMB,LF_TO_HF_LOMB,TOTAL_POWER_LOMB,VLF_NORM_LOMB,VLF_POWER_LOMB,SD1,SD2,alpha1,alpha2,SampEn,PIP,IALS,PSS,PAS
0,213,148,1054.8918918918916,255.40356581381158,44.25282957246787,18.367346938775512,20.994043786983898,-2.53618236452233,1.6282629615945072,0.17614295660245996,298.4391862770999,2.685762007720613,0.05284288698073798,492.2648534197265,1.6494645343345093,18328.68482034669,88.7729366384399,16270.91176222572,31.275128001891765,358.4306114368369,1.123330608001652,1.6188208801478858,0.30956478370128865,45.27027027027027,0.46258503401360546,41.891891891891895,12.162162162162163
1,360,273,628.4249084249086,87.40975831037036,42.68627000639669,12.5,5.290279235336181,-0.9398191945466271,5.930640860500515,0.2919389978213508,18.76176755933508,7.917559125387723,0.06100217864923747,25.047445536143996,1.335025895450955,316.35312271719124,79.34618261938658,251.01412647331472,30.23880785225636,120.02310572718764,0.9536842889452356,0.628099426566841,0.3137761818121121,57.87545787545788,0.5845588235294118,56.776556776556774,30.76923076923077
