,HF_POWER_LOMB,LF_POWER_LOMB,LF_TO_HF_LOMB,VLF_POWER_LOMB
0,298.43918627709985,492.2648534197265,1.6494645343345091,16270.911762225718
1,18.76176755933508,25.047445536144,1.335025895450955,251.01412647331472
