,HF_POWER_LOMB,LF_POWER_LOMB,LF_TO_HF_LOMB,VLF_POWER_LOMB
0,175.5060148789784,113.42238094578444,0.646259223787833,374.8228028494046
1,171.89947350368206,370.7084935996804,2.1565423444519154,978.68818613088
