,HF_POWER_LOMB,LF_POWER_LOMB,LF_TO_HF_LOMB,VLF_POWER_LOMB
0,205.66439826042858,247.8973481498943,1.2053488607979053,779.0893127323212
1,938.1328543756384,2234.6699146857427,2.3820399256489067,8192.463491972116
