,RR,NN,AVNN,SDNN,RMSSD,pNN50,SEM,BETA_LOMB,HF_NORM_LOMB,HF_PEAK_LOMB,HF_POWER_LOMB,LF_NORM_LOMB,LF_PEAK_LOMB,LF_POWER_LOMB,LF_TO_HF_LOMB,TOTAL_POWER_LOMB,VLF_NORM_LOMB,VLF_POWER_LOMB,SD1,SD2,alpha1,alpha2,SampEn,PIP,IALS,PSS,PAS
0,217,112,1234.5714285714278,179.27972578409472,113.24532884187525,19.81981981981982,16.94034176930603,-1.1314793981484053,16.3759199707737,0.21900777401934604,205.66439826042858,19.73869648128975,0.05429944810397009,247.8973481498943,1.2053488607979053,1255.8952329241977,62.03457838742707,779.0893127323211,80.43181575767738,217.36795270514673,0.9278907348123623,0.7701093112412679,0.20526312603636132,59.82142857142857,0.6126126126126126,67.85714285714286,39.285714285714285
1,328,88,693.3181818181798,185.6187877836355,107.11686603195088,68.96551724137932,19.78702926226556,-0.1527034237553787,8.371078189928923,0.232811000959386,938.1328543756385,19.940242469139477,0.05820275023984651,2234.6699146857427,2.3820399256489067,11206.834210487814,73.10238857915175,8192.463491972116,76.04839551433889,245.99093525958622,0.9278106587132978,1.138846391838272,1.3766324502081537,59.09090909090909,0.6091954022988505,69.31818181818183,21.59090909090909
