,RR,NN,AVNN,SDNN,RMSSD,pNN50,SEM,BETA_LOMB,HF_NORM_LOMB,HF_PEAK_LOMB,HF_POWER_LOMB,LF_NORM_LOMB,LF_PEAK_LOMB,LF_POWER_LOMB,LF_TO_HF_LOMB,TOTAL_POWER_LOMB,VLF_NORM_LOMB,VLF_POWER_LOMB,SD1,SD2,alpha1,alpha2,SampEn,PIP,IALS,PSS,PAS
0,422,185,558.8540540540534,174.2676143467447,63.74814575308298,29.347826086956523,12.812409822513132,-0.8463496505951825,3.7366536013613456,0.24482870071105367,618.8343479489828,14.765661060090554,0.06787330316742082,2445.3693622624883,3.9515734224631087,16561.191214607843,81.36923674075888,13475.714886504016,45.199696813856164,242.6123290747082,1.279254666940771,1.0001639585447364,0.7213677482021966,56.21621621621622,0.5706521739130435,56.21621621621622,25.405405405405407
1,440,229,558.3930131004383,182.97062160910338,67.32482141786869,39.91228070175438,12.09103900961255,-0.7793697609877623,5.643040136630384,0.1658550904821108,680.833439546583,10.697994746648853,0.06439079983423125,1290.714292874306,1.8957856913342674,12065.01146655192,83.54114297510358,10079.24847923478,47.709797179295656,254.62534013331978,1.5051950862689467,1.599146685350579,0.36573769551718605,65.93886462882097,0.6666666666666666,74.235807860262,40.174672489082965
