,HF_POWER_LOMB,LF_POWER_LOMB,LF_TO_HF_LOMB,VLF_POWER_LOMB
0,18.823968460094992,190.1447582786977,10.10120467858764,334.5811763739378
1,215.20005096393,1180.6437957115415,5.486261691961359,15447.176048507838
