,RR,NN,AVNN,SDNN,RMSSD,pNN50,SEM,BETA_LOMB,HF_NORM_LOMB,HF_PEAK_LOMB,HF_POWER_LOMB,LF_NORM_LOMB,LF_PEAK_LOMB,LF_POWER_LOMB,LF_TO_HF_LOMB,TOTAL_POWER_LOMB,VLF_NORM_LOMB,VLF_POWER_LOMB,SD1,SD2,alpha1,alpha2,SampEn,PIP,IALS,PSS,PAS
0,268,253,897.6126482213443,34.54822024254436,17.715565749962522,1.9841269841269842,2.1720279971184104,-0.34022821143003257,3.4538814213991165,0.19152970922882423,18.823968460094992,34.88836317312367,0.0704477091416365,190.14475827869768,10.101204678587639,545.009111878244,61.39001515422073,334.5811763739378,12.55172060933644,47.31794101496737,1.3813553914820782,1.0231864913524924,1.070158486250382,44.66403162055336,0.45238095238095233,44.26877470355731,5.533596837944664
1,344,197,722.5786802030476,207.92995816459484,52.358263484399465,20.408163265306122,14.81439612333685,-1.3297057314322471,1.2219083871095633,0.2955082742316785,215.20005096393004,6.703709175285488,0.05980524597545874,1180.6437957115415,5.486261691961359,17611.799152388827,87.7092448922949,15447.176048507836,37.11318059303068,291.4227407302929,1.4110066095958376,1.0651942204671652,0.31984442123761614,54.314720812182735,0.5510204081632653,59.390862944162436,25.380710659898476
