,HF_POWER_LOMB,LF_POWER_LOMB,LF_TO_HF_LOMB,VLF_POWER_LOMB
0,5.15373519065057,23.459054101572647,4.551854768194123,58.4745251555034
1,552.561987171307,579.6703260331103,1.0490593625532894,8629.645892772585
