,RR,NN,AVNN,SDNN,RMSSD,pNN50,SEM,BETA_LOMB,HF_NORM_LOMB,HF_PEAK_LOMB,HF_POWER_LOMB,LF_NORM_LOMB,LF_PEAK_LOMB,LF_POWER_LOMB,LF_TO_HF_LOMB,TOTAL_POWER_LOMB,VLF_NORM_LOMB,VLF_POWER_LOMB,SD1,SD2,alpha1,alpha2,SampEn,PIP,IALS,PSS,PAS
0,291,280,828.4571428571417,17.997758294727294,10.23312493220551,0.35842293906810035,1.0755717808871725,-0.9523062507983848,5.734451213193077,0.2886421147290712,5.15373519065057,26.102389097749484,0.04631198109458979,23.459054101572647,4.551854768194123,89.8732066774503,65.06335683043453,58.4745251555034,7.244815529317205,23.6892154328815,1.4503190556110217,0.9502432774722449,1.5040773967762742,44.285714285714285,0.4480286738351254,42.5,11.428571428571429
1,336,204,700.5686274509794,168.21775178571818,58.89558264566736,23.645320197044335,11.777598380275416,-1.5399543636988584,5.443056964251143,0.3271698750422155,552.561987171307,5.710089869258547,0.08091297984915007,579.6703260331102,1.0490593625532894,10151.684812421003,85.00703136698904,8629.645892772585,41.69078838099628,228.5861243629665,0.8295790027102047,1.0137685031409092,0.09922727021770751,54.41176470588235,0.5517241379310345,58.82352941176471,22.058823529411764
