,RR,NN,AVNN,SDNN,RMSSD,pNN50,SEM,BETA_LOMB,HF_NORM_LOMB,HF_PEAK_LOMB,HF_POWER_LOMB,LF_NORM_LOMB,LF_PEAK_LOMB,LF_POWER_LOMB,LF_TO_HF_LOMB,TOTAL_POWER_LOMB,VLF_NORM_LOMB,VLF_POWER_LOMB,SD1,SD2,alpha1,alpha2,SampEn,PIP,IALS,PSS,PAS
0,318,314,755.5541401273877,6.43909277087477,8.875424662477219,0.6389776357827476,0.36337902739965977,-0.33393323259591606,66.86467741169649,0.2540923808762392,1.531622955019618,23.22225116909065,0.09067196993923889,0.5319360585382652,0.34730222395462323,2.2906308895938747,9.496193125380643,0.217522733065459,6.285915891309451,6.605726221028194,-0.10448974060169192,0.1845175423841494,0.5051179219834129,30.573248407643312,0.30990415335463256,13.375796178343949,5.7324840764331215
1,316,211,688.1137440758303,127.17706573237065,46.98449592304285,12.380952380952381,8.755230271153787,-1.3278130391631278,2.084259360281585,0.351421188630491,70.94617996378817,6.695315122383195,0.08957795004306632,227.90207429976317,3.212323403685544,3403.9036271475975,88.01605060818669,2995.981539124132,33.29613600089886,176.20243541340048,1.2233978677520925,1.3550229663967455,0.0214622443461351,70.14218009478674,0.7095238095238096,82.46445497630332,49.28909952606635
