,HF_POWER_LOMB,LF_POWER_LOMB,LF_TO_HF_LOMB,VLF_POWER_LOMB
0,540.7835764294689,551.6501795505922,1.0200941811008208,375.5917108792473
