,RR,NN,AVNN,SDNN,RMSSD,pNN50,SEM,BETA_LOMB,HF_NORM_LOMB,HF_PEAK_LOMB,HF_POWER_LOMB,LF_NORM_LOMB,LF_PEAK_LOMB,LF_POWER_LOMB,LF_TO_HF_LOMB,TOTAL_POWER_LOMB,VLF_NORM_LOMB,VLF_POWER_LOMB,SD1,SD2,alpha1,alpha2,SampEn,PIP,IALS,PSS,PAS
0,304,79,832.8607594936703,103.42180672908535,66.44990401490264,32.05128205128205,11.635862344280357,1.099346933476691,36.85229199611345,0.3288461538461539,540.7835764294688,37.59280862546368,0.08693633952254641,551.6501795505922,1.0200941811008208,1467.4353944837446,25.595110509882684,375.59171087924733,47.13280349715241,135.124525392831,0.9240012820117905,1.0888659003661956,0.8064758658669484,58.22784810126582,0.6025641025641025,67.08860759493672,13.924050632911392
