,RR,NN,AVNN,SDNN,RMSSD,pNN50,SEM,BETA_LOMB,HF_NORM_LOMB,HF_PEAK_LOMB,HF_POWER_LOMB,LF_NORM_LOMB,LF_PEAK_LOMB,LF_POWER_LOMB,LF_TO_HF_LOMB,TOTAL_POWER_LOMB,VLF_NORM_LOMB,VLF_POWER_LOMB,SD1,SD2,alpha1,alpha2,SampEn,PIP,IALS,PSS,PAS
0,526,298,426.9127516778521,83.6690556933573,55.463034069079995,31.64983164983165,4.846818260508268,-2.0869835906849894,22.06274715603617,0.2536873156342183,141.15895573835604,17.196855807337204,0.08456243854473942,110.02665219243397,0.7794521546076957,639.8067962254474,58.17683279479995,372.219330049845,39.273125396106046,108.49385910233518,0.6528312458876592,0.8316480152880912,1.3466066128526482,53.691275167785236,0.5420875420875421,57.71812080536913,19.463087248322147
1,430,179,532.201117318437,163.55888813019303,58.792340707299246,38.20224719101124,12.224965271999432,-2.192770148461758,4.967165589379674,0.35739614994934144,298.57410533992106,9.28009347918183,0.12351190476190477,557.8222747278256,1.8682875197524424,6010.95534198224,84.56453666056736,5083.1365338209025,41.68851556903898,228.13919470407345,1.1287599748928556,1.1630662687539337,0.6261055292042557,58.659217877094974,0.5955056179775281,65.92178770949721,33.5195530726257
