,HF_POWER_LOMB,LF_POWER_LOMB,LF_TO_HF_LOMB,VLF_POWER_LOMB
0,141.15895573835604,110.02665219243394,0.7794521546076957,372.219330049845
1,298.57410533992106,557.8222747278256,1.8682875197524424,5083.1365338209025
