,HF_POWER_LOMB,LF_POWER_LOMB,LF_TO_HF_LOMB,VLF_POWER_LOMB
0,4.1533446830323895,1.0045534967442469,0.24186615207934406,1.3436821288527605
1,195.9532753134032,141.63685745063373,0.7228093392371369,178.00676793946948
