,RR,NN,AVNN,SDNN,RMSSD,pNN50,SEM,BETA_LOMB,HF_NORM_LOMB,HF_PEAK_LOMB,HF_POWER_LOMB,LF_NORM_LOMB,LF_PEAK_LOMB,LF_POWER_LOMB,LF_TO_HF_LOMB,TOTAL_POWER_LOMB,VLF_NORM_LOMB,VLF_POWER_LOMB,SD1,SD2,alpha1,alpha2,SampEn,PIP,IALS,PSS,PAS
0,475,229,467.58078602620117,75.93879563066251,65.2428661153641,46.92982456140351,5.0181768648899485,-0.3392392552885174,19.16085097083249,0.2473684210526316,255.5825995601722,35.25875168862557,0.08867924528301886,470.3091437610616,1.840145395541045,1333.8791682542258,44.87814100827165,598.6201740090925,46.22526555710634,95.99515905433523,1.048197135425881,0.7564725369176861,1.7814181154333224,62.882096069869,0.6359649122807017,76.41921397379913,27.947598253275107
1,417,142,534.5070422535221,134.80628320893607,90.02883698771892,50.354609929078016,11.312691985020312,0.648643980614138,13.668854575806005,0.2298507462686567,598.2204801670924,16.284376355324135,0.09850746268656715,712.6893763100277,1.1913490091662564,4376.5223841502275,70.14201724876516,3069.7810855867206,63.766233406060095,169.03608962210137,0.8806904407940767,0.9850918804724428,1.5910887737659039,53.52112676056338,0.5460992907801419,56.33802816901409,18.30985915492958
