,RR,NN,AVNN,SDNN,RMSSD,pNN50,SEM,BETA_LOMB,HF_NORM_LOMB,HF_PEAK_LOMB,HF_POWER_LOMB,LF_NORM_LOMB,LF_PEAK_LOMB,LF_POWER_LOMB,LF_TO_HF_LOMB,TOTAL_POWER_LOMB,VLF_NORM_LOMB,VLF_POWER_LOMB,SD1,SD2,alpha1,alpha2,SampEn,PIP,IALS,PSS,PAS
0,260,38,1196.4210526315812,162.17385258951535,90.9671755471483,27.027027027027028,26.308072837321976,0.36472504409053697,21.36817983897686,0.26019813519813517,1843.9081782791145,39.26946378204415,,3388.650131644238,1.83775427191109,8629.22435216365,40.88922126309473,3528.422638645048,65.0556703158115,221.15617570859877,0.8482602961142369,65535,0.6623755218931916,47.368421052631575,0.5135135135135135,50,10.526315789473683
