,HF_POWER_LOMB,LF_POWER_LOMB,LF_TO_HF_LOMB,VLF_POWER_LOMB
0,4.447712633836604,1.8031345875544305,0.40540716903264573,0.33384545003518845
1,3.2702044105502086,0.5455578602002386,0.16682683762525075,0.8649900319586346
